0 verbose cli /opt/homebrew/Cellar/node/23.7.0/bin/node /opt/homebrew/bin/npm
1 info using npm@10.9.2
2 info using node@v23.7.0
3 silly config load:file:/opt/homebrew/lib/node_modules/npm/npmrc
4 silly config load:file:/Users/nivethaniruthayanathan/Code/Cantask/.npmrc
5 silly config load:file:/Users/nivethaniruthayanathan/.npmrc
6 silly config load:file:/opt/homebrew/etc/npmrc
7 verbose title npm install
8 verbose argv "install" "--cache" ".npm-cache"
9 verbose logfile logs-max:10 dir:/Users/nivethaniruthayanathan/Code/Cantask/.npm-cache/_logs/2026-08-15T23_01_45_565Z-
10 verbose logfile /Users/nivethaniruthayanathan/Code/Cantask/.npm-cache/_logs/2026-08-15T23_01_45_565Z-debug-0.log
11 silly logfile done cleaning log files
12 silly packumentCache heap:4345298944 maxSize:1086324736 maxEntrySize:543162368
13 silly idealTree buildDeps
14 silly placeDep ROOT @cantask/api@1.0.0 OK for: cantask@1.0.0 want: file:/Users/nivethaniruthayanathan/Code/Cantask/apps/api
15 silly placeDep ROOT @cantask/web@1.0.0 OK for: cantask@1.0.0 want: file:/Users/nivethaniruthayanathan/Code/Cantask/apps/web
16 silly fetch manifest better-sqlite3@^11.8.1
17 silly packumentCache full:https://registry.npmjs.org/better-sqlite3 cache-miss
18 http fetch GET 200 https://registry.npmjs.org/better-sqlite3 66ms (cache miss)
19 silly packumentCache full:https://registry.npmjs.org/better-sqlite3 set size:undefined disposed:false
20 silly fetch manifest cors@^2.8.5
21 silly packumentCache full:https://registry.npmjs.org/cors cache-miss
22 http fetch GET 200 https://registry.npmjs.org/cors 29ms (cache miss)
23 silly packumentCache full:https://registry.npmjs.org/cors set size:undefined disposed:false
24 silly fetch manifest express@^4.21.2
25 silly packumentCache full:https://registry.npmjs.org/express cache-miss
26 http fetch GET 200 https://registry.npmjs.org/npm 137ms
27 http fetch GET 200 https://registry.npmjs.org/express 40ms (cache miss)
28 silly packumentCache full:https://registry.npmjs.org/express set size:undefined disposed:false
29 silly fetch manifest zod@^3.24.1
30 silly packumentCache full:https://registry.npmjs.org/zod cache-miss
31 http fetch GET 200 https://registry.npmjs.org/zod 79ms (cache miss)
32 silly packumentCache full:https://registry.npmjs.org/zod set size:undefined disposed:false
33 silly fetch manifest @types/cors@^2.8.17
34 silly packumentCache full:https://registry.npmjs.org/@types%2fcors cache-miss
35 http fetch GET 200 https://registry.npmjs.org/@types%2fcors 26ms (cache miss)
36 silly packumentCache full:https://registry.npmjs.org/@types%2fcors set size:undefined disposed:false
37 silly fetch manifest @types/express@^4.17.21
38 silly packumentCache full:https://registry.npmjs.org/@types%2fexpress cache-miss
39 http fetch GET 200 https://registry.npmjs.org/@types%2fexpress 26ms (cache miss)
40 silly packumentCache full:https://registry.npmjs.org/@types%2fexpress set size:undefined disposed:false
41 silly fetch manifest @types/node@^22.10.7
42 silly packumentCache full:https://registry.npmjs.org/@types%2fnode cache-miss
43 http fetch GET 200 https://registry.npmjs.org/@types%2fnode 170ms (cache miss)
44 silly packumentCache full:https://registry.npmjs.org/@types%2fnode set size:undefined disposed:false
45 silly fetch manifest tsx@^4.19.2
46 silly packumentCache full:https://registry.npmjs.org/tsx cache-miss
47 http fetch GET 200 https://registry.npmjs.org/tsx 31ms (cache miss)
48 silly packumentCache full:https://registry.npmjs.org/tsx set size:undefined disposed:false
49 silly fetch manifest typescript@^5.7.3
50 silly packumentCache full:https://registry.npmjs.org/typescript cache-miss
51 http fetch GET 200 https://registry.npmjs.org/typescript 245ms (cache miss)
52 silly packumentCache full:https://registry.npmjs.org/typescript set size:undefined disposed:false
53 silly placeDep ROOT @types/cors@2.8.19 OK for: @cantask/api@1.0.0 want: ^2.8.17
54 silly placeDep ROOT @types/express@4.17.25 OK for: @cantask/api@1.0.0 want: ^4.17.21
55 silly placeDep ROOT @types/node@22.20.1 OK for: @cantask/api@1.0.0 want: ^22.10.7
56 silly placeDep ROOT better-sqlite3@11.10.0 OK for: @cantask/api@1.0.0 want: ^11.8.1
57 silly placeDep ROOT cors@2.8.6 OK for: @cantask/api@1.0.0 want: ^2.8.5
58 silly placeDep ROOT express@4.22.2 OK for: @cantask/api@1.0.0 want: ^4.21.2
59 silly placeDep ROOT tsx@4.23.12 OK for: @cantask/api@1.0.0 want: ^4.19.2
60 silly placeDep ROOT typescript@5.9.3 OK for: @cantask/api@1.0.0 want: ^5.7.3
61 silly placeDep ROOT zod@3.25.76 OK for: @cantask/api@1.0.0 want: ^3.24.1
62 silly fetch manifest @types/node@*
63 silly packumentCache full:https://registry.npmjs.org/@types%2fnode cache-miss
64 silly fetch manifest @types/qs@*
65 silly packumentCache full:https://registry.npmjs.org/@types%2fqs cache-miss
66 silly fetch manifest @types/body-parser@*
67 silly packumentCache full:https://registry.npmjs.org/@types%2fbody-parser cache-miss
68 silly fetch manifest @types/serve-static@^1
69 silly packumentCache full:https://registry.npmjs.org/@types%2fserve-static cache-miss
70 silly fetch manifest @types/express-serve-static-core@^4.17.33
71 silly packumentCache full:https://registry.npmjs.org/@types%2fexpress-serve-static-core cache-miss
72 silly fetch manifest undici-types@~6.21.0
73 silly packumentCache full:https://registry.npmjs.org/undici-types cache-miss
74 silly fetch manifest bindings@^1.5.0
75 silly packumentCache full:https://registry.npmjs.org/bindings cache-miss
76 http cache https://registry.npmjs.org/@types%2fnode 19ms (cache hit)
77 silly packumentCache full:https://registry.npmjs.org/@types%2fnode set size:11088606 disposed:false
78 silly fetch manifest prebuild-install@^7.1.1
79 silly packumentCache full:https://registry.npmjs.org/prebuild-install cache-miss
80 http fetch GET 200 https://registry.npmjs.org/@types%2fserve-static 68ms (cache miss)
81 silly packumentCache full:https://registry.npmjs.org/@types%2fserve-static set size:undefined disposed:false
82 silly fetch manifest object-assign@^4
83 silly packumentCache full:https://registry.npmjs.org/object-assign cache-miss
84 http fetch GET 200 https://registry.npmjs.org/@types%2fbody-parser 69ms (cache miss)
85 silly packumentCache full:https://registry.npmjs.org/@types%2fbody-parser set size:undefined disposed:false
86 silly fetch manifest vary@^1
87 silly packumentCache full:https://registry.npmjs.org/vary cache-miss
88 http fetch GET 200 https://registry.npmjs.org/vary 19ms (cache miss)
89 silly packumentCache full:https://registry.npmjs.org/vary set size:undefined disposed:false
90 silly fetch manifest qs@~6.15.1
91 silly packumentCache full:https://registry.npmjs.org/qs cache-miss
92 http fetch GET 200 https://registry.npmjs.org/object-assign 19ms (cache miss)
93 silly packumentCache full:https://registry.npmjs.org/object-assign set size:undefined disposed:false
94 silly fetch manifest depd@2.0.0
95 silly packumentCache full:https://registry.npmjs.org/depd cache-miss
96 http fetch GET 200 https://registry.npmjs.org/undici-types 103ms (cache miss)
97 silly packumentCache full:https://registry.npmjs.org/undici-types set size:undefined disposed:false
98 silly fetch manifest etag@~1.8.1
99 silly packumentCache full:https://registry.npmjs.org/etag cache-miss
100 http fetch GET 200 https://registry.npmjs.org/@types%2fqs 106ms (cache miss)
101 silly packumentCache full:https://registry.npmjs.org/@types%2fqs set size:undefined disposed:false
102 silly fetch manifest send@~0.19.0
103 silly packumentCache full:https://registry.npmjs.org/send cache-miss
104 http fetch GET 200 https://registry.npmjs.org/depd 22ms (cache miss)
105 silly packumentCache full:https://registry.npmjs.org/depd set size:undefined disposed:false
106 silly fetch manifest vary@~1.1.2
107 silly packumentCache full:https://registry.npmjs.org/vary cache-miss
108 http fetch GET 200 https://registry.npmjs.org/bindings 111ms (cache miss)
109 silly packumentCache full:https://registry.npmjs.org/bindings set size:undefined disposed:false
110 silly fetch manifest debug@2.6.9
111 silly packumentCache full:https://registry.npmjs.org/debug cache-miss
112 http cache https://registry.npmjs.org/vary 2ms (cache hit)
113 silly packumentCache full:https://registry.npmjs.org/vary set size:15994 disposed:false
114 silly fetch manifest fresh@~0.5.2
115 silly packumentCache full:https://registry.npmjs.org/fresh cache-miss
116 http fetch GET 200 https://registry.npmjs.org/@types%2fexpress-serve-static-core 114ms (cache miss)
117 silly packumentCache full:https://registry.npmjs.org/@types%2fexpress-serve-static-core set size:undefined disposed:false
118 silly fetch manifest cookie@~0.7.1
119 silly packumentCache full:https://registry.npmjs.org/cookie cache-miss
120 http fetch GET 200 https://registry.npmjs.org/qs 29ms (cache miss)
121 silly packumentCache full:https://registry.npmjs.org/qs set size:undefined disposed:false
122 silly fetch manifest accepts@~1.3.8
123 silly packumentCache full:https://registry.npmjs.org/accepts cache-miss
124 http fetch GET 200 https://registry.npmjs.org/etag 17ms (cache miss)
125 silly packumentCache full:https://registry.npmjs.org/etag set size:undefined disposed:false
126 silly fetch manifest methods@~1.1.2
127 silly packumentCache full:https://registry.npmjs.org/methods cache-miss
128 http fetch GET 200 https://registry.npmjs.org/prebuild-install 61ms (cache miss)
129 silly packumentCache full:https://registry.npmjs.org/prebuild-install set size:undefined disposed:false
130 silly fetch manifest type-is@~1.6.18
131 silly packumentCache full:https://registry.npmjs.org/type-is cache-miss
132 http fetch GET 200 https://registry.npmjs.org/send 21ms (cache miss)
133 silly packumentCache full:https://registry.npmjs.org/send set size:undefined disposed:false
134 silly fetch manifest parseurl@~1.3.3
135 silly packumentCache full:https://registry.npmjs.org/parseurl cache-miss
136 http fetch GET 200 https://registry.npmjs.org/debug 22ms (cache miss)
137 silly packumentCache full:https://registry.npmjs.org/debug set size:undefined disposed:false
138 silly fetch manifest statuses@~2.0.1
139 silly packumentCache full:https://registry.npmjs.org/statuses cache-miss
140 http fetch GET 200 https://registry.npmjs.org/fresh 24ms (cache miss)
141 silly packumentCache full:https://registry.npmjs.org/fresh set size:undefined disposed:false
142 silly fetch manifest encodeurl@~2.0.0
143 silly packumentCache full:https://registry.npmjs.org/encodeurl cache-miss
144 http fetch GET 200 https://registry.npmjs.org/cookie 22ms (cache miss)
145 silly packumentCache full:https://registry.npmjs.org/cookie set size:undefined disposed:false
146 silly fetch manifest proxy-addr@~2.0.7
147 silly packumentCache full:https://registry.npmjs.org/proxy-addr cache-miss
148 http fetch GET 200 https://registry.npmjs.org/accepts 22ms (cache miss)
149 silly packumentCache full:https://registry.npmjs.org/accepts set size:undefined disposed:false
150 silly fetch manifest body-parser@~1.20.5
151 silly packumentCache full:https://registry.npmjs.org/body-parser cache-miss
152 http fetch GET 200 https://registry.npmjs.org/type-is 22ms (cache miss)
153 silly packumentCache full:https://registry.npmjs.org/type-is set size:undefined disposed:false
154 silly fetch manifest escape-html@~1.0.3
155 silly packumentCache full:https://registry.npmjs.org/escape-html cache-miss
156 http fetch GET 200 https://registry.npmjs.org/parseurl 19ms (cache miss)
157 silly packumentCache full:https://registry.npmjs.org/parseurl set size:undefined disposed:false
158 silly fetch manifest http-errors@~2.0.0
159 silly packumentCache full:https://registry.npmjs.org/http-errors cache-miss
160 http fetch GET 200 https://registry.npmjs.org/encodeurl 21ms (cache miss)
161 silly packumentCache full:https://registry.npmjs.org/encodeurl set size:undefined disposed:false
162 silly fetch manifest on-finished@~2.4.1
163 silly packumentCache full:https://registry.npmjs.org/on-finished cache-miss
164 http fetch GET 200 https://registry.npmjs.org/statuses 25ms (cache miss)
165 silly packumentCache full:https://registry.npmjs.org/statuses set size:undefined disposed:false
166 silly fetch manifest safe-buffer@5.2.1
167 silly packumentCache full:https://registry.npmjs.org/safe-buffer cache-miss
168 http fetch GET 200 https://registry.npmjs.org/body-parser 20ms (cache miss)
169 silly packumentCache full:https://registry.npmjs.org/body-parser set size:undefined disposed:false
170 silly fetch manifest utils-merge@1.0.1
171 silly packumentCache full:https://registry.npmjs.org/utils-merge cache-miss
172 http fetch GET 200 https://registry.npmjs.org/escape-html 19ms (cache miss)
173 silly packumentCache full:https://registry.npmjs.org/escape-html set size:undefined disposed:false
174 silly fetch manifest content-type@~1.0.4
175 silly packumentCache full:https://registry.npmjs.org/content-type cache-miss
176 http fetch GET 200 https://registry.npmjs.org/proxy-addr 28ms (cache miss)
177 silly packumentCache full:https://registry.npmjs.org/proxy-addr set size:undefined disposed:false
178 silly fetch manifest finalhandler@~1.3.1
179 silly packumentCache full:https://registry.npmjs.org/finalhandler cache-miss
180 http fetch GET 200 https://registry.npmjs.org/http-errors 23ms (cache miss)
181 silly packumentCache full:https://registry.npmjs.org/http-errors set size:undefined disposed:false
182 silly fetch manifest range-parser@~1.2.1
183 silly packumentCache full:https://registry.npmjs.org/range-parser cache-miss
184 http fetch GET 200 https://registry.npmjs.org/on-finished 19ms (cache miss)
185 silly packumentCache full:https://registry.npmjs.org/on-finished set size:undefined disposed:false
186 silly fetch manifest serve-static@~1.16.2
187 silly packumentCache full:https://registry.npmjs.org/serve-static cache-miss
188 http fetch GET 200 https://registry.npmjs.org/safe-buffer 21ms (cache miss)
189 silly packumentCache full:https://registry.npmjs.org/safe-buffer set size:undefined disposed:false
190 silly fetch manifest array-flatten@1.1.1
191 silly packumentCache full:https://registry.npmjs.org/array-flatten cache-miss
192 http fetch GET 200 https://registry.npmjs.org/utils-merge 17ms (cache miss)
193 silly packumentCache full:https://registry.npmjs.org/utils-merge set size:undefined disposed:false
194 silly fetch manifest path-to-regexp@~0.1.12
195 silly packumentCache full:https://registry.npmjs.org/path-to-regexp cache-miss
196 http fetch GET 200 https://registry.npmjs.org/finalhandler 19ms (cache miss)
197 silly packumentCache full:https://registry.npmjs.org/finalhandler set size:undefined disposed:false
198 silly fetch manifest setprototypeof@1.2.0
199 silly packumentCache full:https://registry.npmjs.org/setprototypeof cache-miss
200 http fetch GET 200 https://registry.npmjs.org/range-parser 19ms (cache miss)
201 silly packumentCache full:https://registry.npmjs.org/range-parser set size:undefined disposed:false
202 silly fetch manifest cookie-signature@~1.0.6
203 silly packumentCache full:https://registry.npmjs.org/cookie-signature cache-miss
204 http fetch GET 200 https://registry.npmjs.org/content-type 26ms (cache miss)
205 silly packumentCache full:https://registry.npmjs.org/content-type set size:undefined disposed:false
206 silly fetch manifest merge-descriptors@1.0.3
207 silly packumentCache full:https://registry.npmjs.org/merge-descriptors cache-miss
208 http fetch GET 200 https://registry.npmjs.org/array-flatten 21ms (cache miss)
209 silly packumentCache full:https://registry.npmjs.org/array-flatten set size:undefined disposed:false
210 silly fetch manifest content-disposition@~0.5.4
211 silly packumentCache full:https://registry.npmjs.org/content-disposition cache-miss
212 http fetch GET 200 https://registry.npmjs.org/setprototypeof 22ms (cache miss)
213 silly packumentCache full:https://registry.npmjs.org/setprototypeof set size:undefined disposed:false
214 silly fetch manifest esbuild@~0.28.0
215 silly packumentCache full:https://registry.npmjs.org/esbuild cache-miss
216 http fetch GET 200 https://registry.npmjs.org/path-to-regexp 27ms (cache miss)
217 silly packumentCache full:https://registry.npmjs.org/path-to-regexp set size:undefined disposed:false
218 silly fetch manifest fsevents@~2.3.3
219 silly packumentCache full:https://registry.npmjs.org/fsevents cache-miss
220 http fetch GET 200 https://registry.npmjs.org/methods 90ms (cache miss)
221 silly packumentCache full:https://registry.npmjs.org/methods set size:undefined disposed:false
222 http fetch GET 200 https://registry.npmjs.org/serve-static 33ms (cache miss)
223 silly packumentCache full:https://registry.npmjs.org/serve-static set size:undefined disposed:false
224 http fetch GET 200 https://registry.npmjs.org/merge-descriptors 23ms (cache miss)
225 silly packumentCache full:https://registry.npmjs.org/merge-descriptors set size:undefined disposed:false
226 http fetch GET 200 https://registry.npmjs.org/cookie-signature 23ms (cache miss)
227 silly packumentCache full:https://registry.npmjs.org/cookie-signature set size:undefined disposed:false
228 http fetch GET 200 https://registry.npmjs.org/content-disposition 26ms (cache miss)
229 silly packumentCache full:https://registry.npmjs.org/content-disposition set size:undefined disposed:false
230 http fetch GET 200 https://registry.npmjs.org/fsevents 26ms (cache miss)
231 silly packumentCache full:https://registry.npmjs.org/fsevents set size:undefined disposed:false
232 http fetch GET 200 https://registry.npmjs.org/esbuild 71ms (cache miss)
233 silly packumentCache full:https://registry.npmjs.org/esbuild set size:undefined disposed:false
234 silly fetch manifest react@^18.3.1
235 silly packumentCache full:https://registry.npmjs.org/react cache-miss
236 http fetch GET 200 https://registry.npmjs.org/react 126ms (cache miss)
237 silly packumentCache full:https://registry.npmjs.org/react set size:undefined disposed:false
238 silly fetch manifest react-dom@^18.3.1
239 silly packumentCache full:https://registry.npmjs.org/react-dom cache-miss
240 http fetch GET 200 https://registry.npmjs.org/react-dom 196ms (cache miss)
241 silly packumentCache full:https://registry.npmjs.org/react-dom set size:undefined disposed:false
242 silly fetch manifest react-router-dom@^6.30.1
243 silly packumentCache full:https://registry.npmjs.org/react-router-dom cache-miss
244 http fetch GET 200 https://registry.npmjs.org/react-router-dom 90ms (cache miss)
245 silly packumentCache full:https://registry.npmjs.org/react-router-dom set size:undefined disposed:false
246 silly fetch manifest @types/react@^18.3.18
247 silly packumentCache full:https://registry.npmjs.org/@types%2freact cache-miss
248 http fetch GET 200 https://registry.npmjs.org/@types%2freact 104ms (cache miss)
249 silly packumentCache full:https://registry.npmjs.org/@types%2freact set size:undefined disposed:false
250 silly fetch manifest @types/react-dom@^18.3.5
251 silly packumentCache full:https://registry.npmjs.org/@types%2freact-dom cache-miss
252 http fetch GET 200 https://registry.npmjs.org/@types%2freact-dom 36ms (cache miss)
253 silly packumentCache full:https://registry.npmjs.org/@types%2freact-dom set size:undefined disposed:false
254 silly fetch manifest @vitejs/plugin-react@^4.3.4
255 silly packumentCache full:https://registry.npmjs.org/@vitejs%2fplugin-react cache-miss
256 http fetch GET 200 https://registry.npmjs.org/@vitejs%2fplugin-react 35ms (cache miss)
257 silly packumentCache full:https://registry.npmjs.org/@vitejs%2fplugin-react set size:undefined disposed:false
258 silly fetch manifest vite@^6.0.7
259 silly packumentCache full:https://registry.npmjs.org/vite cache-miss
260 http fetch GET 200 https://registry.npmjs.org/vite 1143ms (cache miss)
261 silly packumentCache full:https://registry.npmjs.org/vite set size:undefined disposed:false
262 silly fetch manifest @types/node@^18.0.0 || ^20.0.0 || >=22.0.0
263 silly packumentCache full:https://registry.npmjs.org/@types%2fnode cache-miss
264 http cache https://registry.npmjs.org/@types%2fnode 11ms (cache hit)
265 silly packumentCache full:https://registry.npmjs.org/@types%2fnode set size:11088606 disposed:false
266 silly fetch manifest jiti@>=1.21.0
267 silly packumentCache full:https://registry.npmjs.org/jiti cache-miss
268 http fetch GET 200 https://registry.npmjs.org/jiti 30ms (cache miss)
269 silly packumentCache full:https://registry.npmjs.org/jiti set size:undefined disposed:false
270 silly fetch manifest less@*
271 silly packumentCache full:https://registry.npmjs.org/less cache-miss
272 http fetch GET 200 https://registry.npmjs.org/less 36ms (cache miss)
273 silly packumentCache full:https://registry.npmjs.org/less set size:undefined disposed:false
274 silly fetch manifest lightningcss@^1.21.0
275 silly packumentCache full:https://registry.npmjs.org/lightningcss cache-miss
276 http fetch GET 200 https://registry.npmjs.org/lightningcss 21ms (cache miss)
277 silly packumentCache full:https://registry.npmjs.org/lightningcss set size:undefined disposed:false
278 silly fetch manifest sass@*
279 silly packumentCache full:https://registry.npmjs.org/sass cache-miss
280 http fetch GET 200 https://registry.npmjs.org/sass 49ms (cache miss)
281 silly packumentCache full:https://registry.npmjs.org/sass set size:undefined disposed:false
282 silly fetch manifest sass-embedded@*
283 silly packumentCache full:https://registry.npmjs.org/sass-embedded cache-miss
284 http fetch GET 200 https://registry.npmjs.org/sass-embedded 29ms (cache miss)
285 silly packumentCache full:https://registry.npmjs.org/sass-embedded set size:undefined disposed:false
286 silly fetch manifest stylus@*
287 silly packumentCache full:https://registry.npmjs.org/stylus cache-miss
288 http fetch GET 200 https://registry.npmjs.org/stylus 27ms (cache miss)
289 silly packumentCache full:https://registry.npmjs.org/stylus set size:undefined disposed:false
290 silly fetch manifest sugarss@*
291 silly packumentCache full:https://registry.npmjs.org/sugarss cache-miss
292 http fetch GET 200 https://registry.npmjs.org/sugarss 21ms (cache miss)
293 silly packumentCache full:https://registry.npmjs.org/sugarss set size:undefined disposed:false
294 silly fetch manifest postcss@^8.3.3
295 silly packumentCache full:https://registry.npmjs.org/postcss cache-miss
296 http fetch GET 200 https://registry.npmjs.org/postcss 37ms (cache miss)
297 silly packumentCache full:https://registry.npmjs.org/postcss set size:undefined disposed:false
298 silly fetch manifest terser@^5.16.0
299 silly packumentCache full:https://registry.npmjs.org/terser cache-miss
300 http fetch GET 200 https://registry.npmjs.org/terser 48ms (cache miss)
301 silly packumentCache full:https://registry.npmjs.org/terser set size:undefined disposed:false
302 silly fetch manifest tsx@^4.8.1
303 silly packumentCache full:https://registry.npmjs.org/tsx cache-miss
304 http cache https://registry.npmjs.org/tsx 2ms (cache hit)
305 silly packumentCache full:https://registry.npmjs.org/tsx set size:341667 disposed:false
306 silly fetch manifest yaml@^2.4.2
307 silly packumentCache full:https://registry.npmjs.org/yaml cache-miss
308 http fetch GET 200 https://registry.npmjs.org/yaml 26ms (cache miss)
309 silly packumentCache full:https://registry.npmjs.org/yaml set size:undefined disposed:false
310 silly placeDep ROOT @types/react@18.3.31 OK for: @cantask/web@1.0.0 want: ^18.3.18
311 silly placeDep ROOT @types/react-dom@18.3.7 OK for: @cantask/web@1.0.0 want: ^18.3.5
312 silly placeDep ROOT @vitejs/plugin-react@4.7.0 OK for: @cantask/web@1.0.0 want: ^4.3.4
313 silly placeDep ROOT vite@6.4.3 OK for: @vitejs/plugin-react@4.7.0 want: ^4.2.0 || ^5.0.0 || ^6.0.0 || ^7.0.0
314 silly placeDep ROOT react@18.3.1 OK for: @cantask/web@1.0.0 want: ^18.3.1
315 silly placeDep ROOT react-dom@18.3.1 OK for: @cantask/web@1.0.0 want: ^18.3.1
316 silly placeDep ROOT react-router-dom@6.30.4 OK for: @cantask/web@1.0.0 want: ^6.30.1
317 silly fetch manifest csstype@^3.2.2
318 silly packumentCache full:https://registry.npmjs.org/csstype cache-miss
319 silly fetch manifest @types/prop-types@*
320 silly packumentCache full:https://registry.npmjs.org/@types%2fprop-types cache-miss
321 silly fetch manifest @babel/core@^7.28.0
322 silly packumentCache full:https://registry.npmjs.org/@babel%2fcore cache-miss
323 silly fetch manifest react-refresh@^0.17.0
324 silly packumentCache full:https://registry.npmjs.org/react-refresh cache-miss
325 silly fetch manifest @types/babel__core@^7.20.5
326 silly packumentCache full:https://registry.npmjs.org/@types%2fbabel__core cache-miss
327 silly fetch manifest @rolldown/pluginutils@1.0.0-beta.27
328 silly packumentCache full:https://registry.npmjs.org/@rolldown%2fpluginutils cache-miss
329 silly fetch manifest @babel/plugin-transform-react-jsx-self@^7.27.1
330 silly packumentCache full:https://registry.npmjs.org/@babel%2fplugin-transform-react-jsx-self cache-miss
331 http fetch GET 200 https://registry.npmjs.org/@types%2fprop-types 27ms (cache miss)
332 silly packumentCache full:https://registry.npmjs.org/@types%2fprop-types set size:undefined disposed:false
333 silly fetch manifest @babel/plugin-transform-react-jsx-source@^7.27.1
334 silly packumentCache full:https://registry.npmjs.org/@babel%2fplugin-transform-react-jsx-source cache-miss
335 http fetch GET 200 https://registry.npmjs.org/csstype 41ms (cache miss)
336 silly packumentCache full:https://registry.npmjs.org/csstype set size:undefined disposed:false
337 silly fetch manifest fdir@^6.4.4
338 silly packumentCache full:https://registry.npmjs.org/fdir cache-miss
339 http fetch GET 200 https://registry.npmjs.org/@rolldown%2fpluginutils 49ms (cache miss)
340 silly packumentCache full:https://registry.npmjs.org/@rolldown%2fpluginutils set size:undefined disposed:false
341 silly fetch manifest rollup@^4.34.9
342 silly packumentCache full:https://registry.npmjs.org/rollup cache-miss
343 http fetch GET 200 https://registry.npmjs.org/@babel%2fplugin-transform-react-jsx-source 30ms (cache miss)
344 silly packumentCache full:https://registry.npmjs.org/@babel%2fplugin-transform-react-jsx-source set size:undefined disposed:false
345 silly fetch manifest esbuild@^0.25.0
346 silly packumentCache full:https://registry.npmjs.org/esbuild cache-miss
347 http cache https://registry.npmjs.org/esbuild 3ms (cache hit)
348 silly packumentCache full:https://registry.npmjs.org/esbuild set size:1264676 disposed:false
349 silly fetch manifest postcss@^8.5.3
350 silly packumentCache full:https://registry.npmjs.org/postcss cache-miss
351 http cache https://registry.npmjs.org/postcss 2ms (cache hit)
352 silly packumentCache full:https://registry.npmjs.org/postcss set size:760024 disposed:false
353 silly fetch manifest picomatch@^4.0.2
354 silly packumentCache full:https://registry.npmjs.org/picomatch cache-miss
355 http fetch GET 200 https://registry.npmjs.org/fdir 31ms (cache miss)
356 silly packumentCache full:https://registry.npmjs.org/fdir set size:undefined disposed:false
357 silly fetch manifest tinyglobby@^0.2.13
358 silly packumentCache full:https://registry.npmjs.org/tinyglobby cache-miss
359 http fetch GET 200 https://registry.npmjs.org/@types%2fbabel__core 88ms (cache miss)
360 silly packumentCache full:https://registry.npmjs.org/@types%2fbabel__core set size:undefined disposed:false
361 silly fetch manifest loose-envify@^1.1.0
362 silly packumentCache full:https://registry.npmjs.org/loose-envify cache-miss
363 http fetch GET 200 https://registry.npmjs.org/@babel%2fplugin-transform-react-jsx-self 89ms (cache miss)
364 silly packumentCache full:https://registry.npmjs.org/@babel%2fplugin-transform-react-jsx-self set size:undefined disposed:false
365 silly fetch manifest scheduler@^0.23.2
366 silly packumentCache full:https://registry.npmjs.org/scheduler cache-miss
367 http fetch GET 200 https://registry.npmjs.org/picomatch 23ms (cache miss)
368 silly packumentCache full:https://registry.npmjs.org/picomatch set size:undefined disposed:false
369 silly fetch manifest loose-envify@^1.1.0
370 silly packumentCache full:https://registry.npmjs.org/loose-envify cache-miss
371 http fetch GET 200 https://registry.npmjs.org/tinyglobby 31ms (cache miss)
372 silly packumentCache full:https://registry.npmjs.org/tinyglobby set size:undefined disposed:false
373 silly fetch manifest react-router@6.30.4
374 silly packumentCache full:https://registry.npmjs.org/react-router cache-miss
375 http fetch GET 200 https://registry.npmjs.org/@babel%2fcore 110ms (cache miss)
376 silly packumentCache full:https://registry.npmjs.org/@babel%2fcore set size:undefined disposed:false
377 silly fetch manifest @remix-run/router@1.23.3
378 silly packumentCache full:https://registry.npmjs.org/@remix-run%2frouter cache-miss
379 http fetch GET 200 https://registry.npmjs.org/loose-envify 49ms (cache miss)
380 silly packumentCache full:https://registry.npmjs.org/loose-envify set size:undefined disposed:false
381 http fetch GET 200 https://registry.npmjs.org/loose-envify 43ms (cache miss)
382 silly packumentCache full:https://registry.npmjs.org/loose-envify set size:undefined disposed:false
383 http fetch GET 200 https://registry.npmjs.org/rollup 185ms (cache miss)
384 silly packumentCache full:https://registry.npmjs.org/rollup set size:undefined disposed:false
385 http fetch GET 200 https://registry.npmjs.org/@remix-run%2frouter 159ms (cache miss)
386 silly packumentCache full:https://registry.npmjs.org/@remix-run%2frouter set size:undefined disposed:false
387 http fetch GET 200 https://registry.npmjs.org/react-refresh 275ms (cache miss)
388 silly packumentCache full:https://registry.npmjs.org/react-refresh set size:undefined disposed:false
389 http fetch GET 200 https://registry.npmjs.org/react-router 202ms (cache miss)
390 silly packumentCache full:https://registry.npmjs.org/react-router set size:undefined disposed:false
391 http fetch GET 200 https://registry.npmjs.org/scheduler 239ms (cache miss)
392 silly packumentCache full:https://registry.npmjs.org/scheduler set size:undefined disposed:false
393 silly placeDep ROOT @types/body-parser@1.19.6 OK for: @types/express@4.17.25 want: *
394 silly placeDep ROOT @types/express-serve-static-core@4.19.9 OK for: @types/express@4.17.25 want: ^4.17.33
395 silly placeDep ROOT @types/qs@6.15.1 OK for: @types/express@4.17.25 want: *
396 silly placeDep ROOT @types/serve-static@1.15.10 OK for: @types/express@4.17.25 want: ^1
397 silly fetch manifest @types/connect@*
398 silly packumentCache full:https://registry.npmjs.org/@types%2fconnect cache-miss
399 silly fetch manifest @types/send@*
400 silly packumentCache full:https://registry.npmjs.org/@types%2fsend cache-miss
401 silly fetch manifest @types/range-parser@*
402 silly packumentCache full:https://registry.npmjs.org/@types%2frange-parser cache-miss
403 silly fetch manifest @types/send@<1
404 silly packumentCache full:https://registry.npmjs.org/@types%2fsend cache-miss
405 silly fetch manifest @types/http-errors@*
406 silly packumentCache full:https://registry.npmjs.org/@types%2fhttp-errors cache-miss
407 http fetch GET 200 https://registry.npmjs.org/@types%2fsend 26ms (cache miss)
408 silly packumentCache full:https://registry.npmjs.org/@types%2fsend set size:undefined disposed:false
409 http fetch GET 200 https://registry.npmjs.org/@types%2fsend 28ms (cache miss)
410 silly packumentCache full:https://registry.npmjs.org/@types%2fsend set size:undefined disposed:false
411 http fetch GET 200 https://registry.npmjs.org/@types%2fconnect 28ms (cache miss)
412 silly packumentCache full:https://registry.npmjs.org/@types%2fconnect set size:undefined disposed:false
413 http fetch GET 200 https://registry.npmjs.org/@types%2fhttp-errors 28ms (cache miss)
414 silly packumentCache full:https://registry.npmjs.org/@types%2fhttp-errors set size:undefined disposed:false
415 http fetch GET 200 https://registry.npmjs.org/@types%2frange-parser 32ms (cache miss)
416 silly packumentCache full:https://registry.npmjs.org/@types%2frange-parser set size:undefined disposed:false
417 silly placeDep ROOT @types/connect@3.4.38 OK for: @types/body-parser@1.19.6 want: *
418 silly placeDep ROOT @types/range-parser@1.2.7 OK for: @types/express-serve-static-core@4.19.9 want: *
419 silly placeDep ROOT @types/send@1.2.1 OK for: @types/express-serve-static-core@4.19.9 want: *
420 silly placeDep ROOT undici-types@6.21.0 OK for: @types/node@22.20.1 want: ~6.21.0
421 silly placeDep ROOT @types/prop-types@15.7.15 OK for: @types/react@18.3.31 want: *
422 silly placeDep ROOT csstype@3.2.3 OK for: @types/react@18.3.31 want: ^3.2.2
423 silly placeDep ROOT @types/http-errors@2.0.5 OK for: @types/serve-static@1.15.10 want: *
424 silly placeDep node_modules/@types/serve-static @types/send@0.17.6 OK for: @types/serve-static@1.15.10 want: <1
425 silly fetch manifest @types/mime@^1
426 silly packumentCache full:https://registry.npmjs.org/@types%2fmime cache-miss
427 http fetch GET 200 https://registry.npmjs.org/@types%2fmime 155ms (cache miss)
428 silly packumentCache full:https://registry.npmjs.org/@types%2fmime set size:undefined disposed:false
429 silly placeDep ROOT @babel/core@7.29.7 OK for: @vitejs/plugin-react@4.7.0 want: ^7.28.0
430 silly placeDep ROOT @babel/plugin-transform-react-jsx-self@7.29.7 OK for: @vitejs/plugin-react@4.7.0 want: ^7.27.1
431 silly placeDep ROOT @babel/plugin-transform-react-jsx-source@7.29.7 OK for: @vitejs/plugin-react@4.7.0 want: ^7.27.1
432 silly placeDep ROOT @rolldown/pluginutils@1.0.0-beta.27 OK for: @vitejs/plugin-react@4.7.0 want: 1.0.0-beta.27
433 silly placeDep ROOT @types/babel__core@7.20.5 OK for: @vitejs/plugin-react@4.7.0 want: ^7.20.5
434 silly placeDep ROOT react-refresh@0.17.0 OK for: @vitejs/plugin-react@4.7.0 want: ^0.17.0
435 silly fetch manifest debug@^4.1.0
436 silly packumentCache full:https://registry.npmjs.org/debug cache-miss
437 silly fetch manifest json5@^2.2.3
438 silly packumentCache full:https://registry.npmjs.org/json5 cache-miss
439 silly fetch manifest semver@^6.3.1
440 silly packumentCache full:https://registry.npmjs.org/semver cache-miss
441 silly fetch manifest gensync@^1.0.0-beta.2
442 silly packumentCache full:https://registry.npmjs.org/gensync cache-miss
443 silly fetch manifest @babel/types@^7.29.7
444 silly packumentCache full:https://registry.npmjs.org/@babel%2ftypes cache-miss
445 silly fetch manifest @babel/parser@^7.29.7
446 silly packumentCache full:https://registry.npmjs.org/@babel%2fparser cache-miss
447 silly fetch manifest @babel/helpers@^7.29.7
448 silly packumentCache full:https://registry.npmjs.org/@babel%2fhelpers cache-miss
449 http cache https://registry.npmjs.org/debug 5ms (cache hit)
450 silly packumentCache full:https://registry.npmjs.org/debug set size:195840 disposed:false
451 silly fetch manifest @babel/template@^7.29.7
452 silly packumentCache full:https://registry.npmjs.org/@babel%2ftemplate cache-miss
453 http fetch GET 200 https://registry.npmjs.org/gensync 20ms (cache miss)
454 silly packumentCache full:https://registry.npmjs.org/gensync set size:undefined disposed:false
455 silly fetch manifest @babel/traverse@^7.29.7
456 silly packumentCache full:https://registry.npmjs.org/@babel%2ftraverse cache-miss
457 http fetch GET 200 https://registry.npmjs.org/json5 22ms (cache miss)
458 silly packumentCache full:https://registry.npmjs.org/json5 set size:undefined disposed:false
459 silly fetch manifest @babel/generator@^7.29.7
460 silly packumentCache full:https://registry.npmjs.org/@babel%2fgenerator cache-miss
461 http fetch GET 200 https://registry.npmjs.org/semver 27ms (cache miss)
462 silly packumentCache full:https://registry.npmjs.org/semver set size:undefined disposed:false
463 silly fetch manifest @babel/code-frame@^7.29.7
464 silly packumentCache full:https://registry.npmjs.org/@babel%2fcode-frame cache-miss
465 http fetch GET 200 https://registry.npmjs.org/@babel%2ftypes 40ms (cache miss)
466 silly packumentCache full:https://registry.npmjs.org/@babel%2ftypes set size:undefined disposed:false
467 silly fetch manifest convert-source-map@^2.0.0
468 silly packumentCache full:https://registry.npmjs.org/convert-source-map cache-miss
469 http fetch GET 200 https://registry.npmjs.org/@babel%2fparser 47ms (cache miss)
470 silly packumentCache full:https://registry.npmjs.org/@babel%2fparser set size:undefined disposed:false
471 silly fetch manifest @jridgewell/remapping@^2.3.5
472 silly packumentCache full:https://registry.npmjs.org/@jridgewell%2fremapping cache-miss
473 http fetch GET 200 https://registry.npmjs.org/@babel%2fhelpers 53ms (cache miss)
474 silly packumentCache full:https://registry.npmjs.org/@babel%2fhelpers set size:undefined disposed:false
475 silly fetch manifest @babel/helper-module-transforms@^7.29.7
476 silly packumentCache full:https://registry.npmjs.org/@babel%2fhelper-module-transforms cache-miss
477 http fetch GET 200 https://registry.npmjs.org/@babel%2ftraverse 38ms (cache miss)
478 silly packumentCache full:https://registry.npmjs.org/@babel%2ftraverse set size:undefined disposed:false
479 silly fetch manifest @babel/helper-compilation-targets@^7.29.7
480 silly packumentCache full:https://registry.npmjs.org/@babel%2fhelper-compilation-targets cache-miss
481 http fetch GET 200 https://registry.npmjs.org/@babel%2fgenerator 40ms (cache miss)
482 silly packumentCache full:https://registry.npmjs.org/@babel%2fgenerator set size:undefined disposed:false
483 silly fetch manifest @babel/helper-plugin-utils@^7.29.7
484 silly packumentCache full:https://registry.npmjs.org/@babel%2fhelper-plugin-utils cache-miss
485 http fetch GET 200 https://registry.npmjs.org/@babel%2fcode-frame 39ms (cache miss)
486 silly packumentCache full:https://registry.npmjs.org/@babel%2fcode-frame set size:undefined disposed:false
487 silly fetch manifest @babel/helper-plugin-utils@^7.29.7
488 silly packumentCache full:https://registry.npmjs.org/@babel%2fhelper-plugin-utils cache-miss
489 http fetch GET 200 https://registry.npmjs.org/convert-source-map 26ms (cache miss)
490 silly packumentCache full:https://registry.npmjs.org/convert-source-map set size:undefined disposed:false
491 silly fetch manifest @babel/types@^7.20.7
492 silly packumentCache full:https://registry.npmjs.org/@babel%2ftypes cache-miss
493 http cache https://registry.npmjs.org/@babel%2ftypes 1ms (cache hit)
494 silly packumentCache full:https://registry.npmjs.org/@babel%2ftypes set size:502938 disposed:false
495 silly fetch manifest @babel/parser@^7.20.7
496 silly packumentCache full:https://registry.npmjs.org/@babel%2fparser cache-miss
497 http cache https://registry.npmjs.org/@babel%2fparser 2ms (cache hit)
498 silly packumentCache full:https://registry.npmjs.org/@babel%2fparser set size:737961 disposed:false
499 silly fetch manifest @types/babel__template@*
500 silly packumentCache full:https://registry.npmjs.org/@types%2fbabel__template cache-miss
501 http fetch GET 200 https://registry.npmjs.org/@jridgewell%2fremapping 39ms (cache miss)
502 silly packumentCache full:https://registry.npmjs.org/@jridgewell%2fremapping set size:undefined disposed:false
503 silly fetch manifest @types/babel__traverse@*
504 silly packumentCache full:https://registry.npmjs.org/@types%2fbabel__traverse cache-miss
505 http fetch GET 200 https://registry.npmjs.org/@babel%2fhelper-compilation-targets 29ms (cache miss)
506 silly packumentCache full:https://registry.npmjs.org/@babel%2fhelper-compilation-targets set size:undefined disposed:false
507 silly fetch manifest @types/babel__generator@*
508 silly packumentCache full:https://registry.npmjs.org/@types%2fbabel__generator cache-miss
509 http fetch GET 200 https://registry.npmjs.org/@babel%2fhelper-module-transforms 49ms (cache miss)
510 silly packumentCache full:https://registry.npmjs.org/@babel%2fhelper-module-transforms set size:undefined disposed:false
511 http fetch GET 200 https://registry.npmjs.org/@babel%2ftemplate 100ms (cache miss)
512 silly packumentCache full:https://registry.npmjs.org/@babel%2ftemplate set size:undefined disposed:false
513 http fetch GET 200 https://registry.npmjs.org/@types%2fbabel__traverse 30ms (cache miss)
514 silly packumentCache full:https://registry.npmjs.org/@types%2fbabel__traverse set size:undefined disposed:false
515 http fetch GET 200 https://registry.npmjs.org/@babel%2fhelper-plugin-utils 88ms (cache miss)
516 silly packumentCache full:https://registry.npmjs.org/@babel%2fhelper-plugin-utils set size:undefined disposed:false
517 http fetch GET 200 https://registry.npmjs.org/@babel%2fhelper-plugin-utils 85ms (cache miss)
518 silly packumentCache full:https://registry.npmjs.org/@babel%2fhelper-plugin-utils set size:undefined disposed:false
519 http fetch GET 200 https://registry.npmjs.org/@types%2fbabel__template 85ms (cache miss)
520 silly packumentCache full:https://registry.npmjs.org/@types%2fbabel__template set size:undefined disposed:false
521 http fetch GET 200 https://registry.npmjs.org/@types%2fbabel__generator 145ms (cache miss)
522 silly packumentCache full:https://registry.npmjs.org/@types%2fbabel__generator set size:undefined disposed:false
523 silly fetch manifest @babel/core@^7.0.0
524 silly packumentCache full:https://registry.npmjs.org/@babel%2fcore cache-miss
525 http cache https://registry.npmjs.org/@babel%2fcore 4ms (cache hit)
526 silly packumentCache full:https://registry.npmjs.org/@babel%2fcore set size:788273 disposed:false
527 silly placeDep ROOT @babel/code-frame@7.29.7 OK for: @babel/core@7.29.7 want: ^7.29.7
528 silly placeDep ROOT @babel/generator@7.29.8 OK for: @babel/core@7.29.7 want: ^7.29.7
529 silly placeDep ROOT @babel/helper-compilation-targets@7.29.7 OK for: @babel/core@7.29.7 want: ^7.29.7
530 silly placeDep ROOT @babel/helper-module-transforms@7.29.7 OK for: @babel/core@7.29.7 want: ^7.29.7
531 silly placeDep ROOT @babel/helpers@7.29.7 OK for: @babel/core@7.29.7 want: ^7.29.7
532 silly placeDep ROOT @babel/parser@7.29.8 OK for: @babel/core@7.29.7 want: ^7.29.7
533 silly placeDep ROOT @babel/template@7.29.7 OK for: @babel/core@7.29.7 want: ^7.29.7
534 silly placeDep ROOT @babel/traverse@7.29.8 OK for: @babel/core@7.29.7 want: ^7.29.7
535 silly placeDep ROOT @babel/types@7.29.8 OK for: @babel/core@7.29.7 want: ^7.29.7
536 silly placeDep ROOT @jridgewell/remapping@2.3.5 OK for: @babel/core@7.29.7 want: ^2.3.5
537 silly placeDep ROOT convert-source-map@2.0.0 OK for: @babel/core@7.29.7 want: ^2.0.0
538 silly placeDep ROOT debug@4.4.3 OK for: @babel/core@7.29.7 want: ^4.1.0
539 silly placeDep ROOT gensync@1.0.0-beta.2 OK for: @babel/core@7.29.7 want: ^1.0.0-beta.2
540 silly placeDep ROOT json5@2.2.3 OK for: @babel/core@7.29.7 want: ^2.2.3
541 silly placeDep ROOT semver@6.3.1 OK for: @babel/core@7.29.7 want: ^6.3.1
542 silly fetch manifest js-tokens@^4.0.0
543 silly packumentCache full:https://registry.npmjs.org/js-tokens cache-miss
544 silly fetch manifest picocolors@^1.1.1
545 silly packumentCache full:https://registry.npmjs.org/picocolors cache-miss
546 silly fetch manifest @babel/helper-validator-identifier@^7.29.7
547 silly packumentCache full:https://registry.npmjs.org/@babel%2fhelper-validator-identifier cache-miss
548 silly fetch manifest jsesc@^3.0.2
549 silly packumentCache full:https://registry.npmjs.org/jsesc cache-miss
550 silly fetch manifest @babel/types@^7.29.8
551 silly packumentCache full:https://registry.npmjs.org/@babel%2ftypes cache-hit
552 silly fetch manifest @babel/parser@^7.29.8
553 silly packumentCache full:https://registry.npmjs.org/@babel%2fparser cache-hit
554 silly fetch manifest @jridgewell/gen-mapping@^0.3.12
555 silly packumentCache full:https://registry.npmjs.org/@jridgewell%2fgen-mapping cache-miss
556 silly fetch manifest @jridgewell/trace-mapping@^0.3.28
557 silly packumentCache full:https://registry.npmjs.org/@jridgewell%2ftrace-mapping cache-miss
558 silly fetch manifest lru-cache@^5.1.1
559 silly packumentCache full:https://registry.npmjs.org/lru-cache cache-miss
560 http fetch GET 200 https://registry.npmjs.org/jsesc 24ms (cache miss)
561 silly packumentCache full:https://registry.npmjs.org/jsesc set size:undefined disposed:false
562 silly fetch manifest browserslist@^4.24.0
563 silly packumentCache full:https://registry.npmjs.org/browserslist cache-miss
564 http fetch GET 200 https://registry.npmjs.org/js-tokens 30ms (cache miss)
565 silly packumentCache full:https://registry.npmjs.org/js-tokens set size:undefined disposed:false
566 silly fetch manifest @babel/compat-data@^7.29.7
567 silly packumentCache full:https://registry.npmjs.org/@babel%2fcompat-data cache-miss
568 http fetch GET 200 https://registry.npmjs.org/picocolors 32ms (cache miss)
569 silly packumentCache full:https://registry.npmjs.org/picocolors set size:undefined disposed:false
570 silly fetch manifest @babel/helper-validator-option@^7.29.7
571 silly packumentCache full:https://registry.npmjs.org/@babel%2fhelper-validator-option cache-miss
572 http fetch GET 200 https://registry.npmjs.org/@babel%2fhelper-validator-identifier 33ms (cache miss)
573 silly packumentCache full:https://registry.npmjs.org/@babel%2fhelper-validator-identifier set size:undefined disposed:false
574 silly fetch manifest @babel/helper-module-imports@^7.29.7
575 silly packumentCache full:https://registry.npmjs.org/@babel%2fhelper-module-imports cache-miss
576 http fetch GET 200 https://registry.npmjs.org/@jridgewell%2ftrace-mapping 34ms (cache miss)
577 silly packumentCache full:https://registry.npmjs.org/@jridgewell%2ftrace-mapping set size:undefined disposed:false
578 silly fetch manifest debug@^4.3.1
579 silly packumentCache full:https://registry.npmjs.org/debug cache-hit
580 silly fetch manifest @babel/helper-globals@^7.29.7
581 silly packumentCache full:https://registry.npmjs.org/@babel%2fhelper-globals cache-miss
582 http fetch GET 200 https://registry.npmjs.org/lru-cache 36ms (cache miss)
583 silly packumentCache full:https://registry.npmjs.org/lru-cache set size:undefined disposed:false
584 silly fetch manifest @babel/helper-string-parser@^7.29.7
585 silly packumentCache full:https://registry.npmjs.org/@babel%2fhelper-string-parser cache-miss
586 http fetch GET 200 https://registry.npmjs.org/browserslist 31ms (cache miss)
587 silly packumentCache full:https://registry.npmjs.org/browserslist set size:undefined disposed:false
588 silly fetch manifest @jridgewell/gen-mapping@^0.3.5
589 silly packumentCache full:https://registry.npmjs.org/@jridgewell%2fgen-mapping cache-miss
590 http fetch GET 200 https://registry.npmjs.org/@babel%2fhelper-globals 28ms (cache miss)
591 silly packumentCache full:https://registry.npmjs.org/@babel%2fhelper-globals set size:undefined disposed:false
592 silly fetch manifest @jridgewell/trace-mapping@^0.3.24
593 silly packumentCache full:https://registry.npmjs.org/@jridgewell%2ftrace-mapping cache-miss
594 http fetch GET 200 https://registry.npmjs.org/@babel%2fhelper-string-parser 26ms (cache miss)
595 silly packumentCache full:https://registry.npmjs.org/@babel%2fhelper-string-parser set size:undefined disposed:false
596 silly fetch manifest ms@^2.1.3
597 silly packumentCache full:https://registry.npmjs.org/ms cache-miss
598 http cache https://registry.npmjs.org/@jridgewell%2ftrace-mapping 3ms (cache hit)
599 silly packumentCache full:https://registry.npmjs.org/@jridgewell%2ftrace-mapping set size:170909 disposed:false
600 http fetch GET 200 https://registry.npmjs.org/@babel%2fhelper-validator-option 38ms (cache miss)
601 silly packumentCache full:https://registry.npmjs.org/@babel%2fhelper-validator-option set size:undefined disposed:false
602 http fetch GET 200 https://registry.npmjs.org/@babel%2fcompat-data 41ms (cache miss)
603 silly packumentCache full:https://registry.npmjs.org/@babel%2fcompat-data set size:undefined disposed:false
604 http fetch GET 200 https://registry.npmjs.org/ms 20ms (cache miss)
605 silly packumentCache full:https://registry.npmjs.org/ms set size:undefined disposed:false
606 http fetch GET 200 https://registry.npmjs.org/@jridgewell%2fgen-mapping 34ms (cache miss)
607 silly packumentCache full:https://registry.npmjs.org/@jridgewell%2fgen-mapping set size:undefined disposed:false
608 http fetch GET 200 https://registry.npmjs.org/@jridgewell%2fgen-mapping 94ms (cache miss)
609 silly packumentCache full:https://registry.npmjs.org/@jridgewell%2fgen-mapping set size:undefined disposed:false
610 http fetch GET 200 https://registry.npmjs.org/@babel%2fhelper-module-imports 93ms (cache miss)
611 silly packumentCache full:https://registry.npmjs.org/@babel%2fhelper-module-imports set size:undefined disposed:false
612 silly placeDep ROOT @babel/helper-validator-identifier@7.29.7 OK for: @babel/code-frame@7.29.7 want: ^7.29.7
613 silly placeDep ROOT js-tokens@4.0.0 OK for: @babel/code-frame@7.29.7 want: ^4.0.0
614 silly placeDep ROOT picocolors@1.1.1 OK for: @babel/code-frame@7.29.7 want: ^1.1.1
615 silly placeDep ROOT @jridgewell/gen-mapping@0.3.13 OK for: @babel/generator@7.29.8 want: ^0.3.12
616 silly placeDep ROOT @jridgewell/trace-mapping@0.3.31 OK for: @babel/generator@7.29.8 want: ^0.3.28
617 silly placeDep ROOT jsesc@3.1.0 OK for: @babel/generator@7.29.8 want: ^3.0.2
618 silly fetch manifest @jridgewell/sourcemap-codec@^1.5.0
619 silly packumentCache full:https://registry.npmjs.org/@jridgewell%2fsourcemap-codec cache-miss
620 silly fetch manifest @jridgewell/resolve-uri@^3.1.0
621 silly packumentCache full:https://registry.npmjs.org/@jridgewell%2fresolve-uri cache-miss
622 silly fetch manifest @jridgewell/sourcemap-codec@^1.4.14
623 silly packumentCache full:https://registry.npmjs.org/@jridgewell%2fsourcemap-codec cache-miss
624 http fetch GET 200 https://registry.npmjs.org/@jridgewell%2fsourcemap-codec 27ms (cache miss)
625 silly packumentCache full:https://registry.npmjs.org/@jridgewell%2fsourcemap-codec set size:undefined disposed:false
626 http fetch GET 200 https://registry.npmjs.org/@jridgewell%2fsourcemap-codec 33ms (cache miss)
627 silly packumentCache full:https://registry.npmjs.org/@jridgewell%2fsourcemap-codec set size:undefined disposed:false
628 http fetch GET 200 https://registry.npmjs.org/@jridgewell%2fresolve-uri 39ms (cache miss)
629 silly packumentCache full:https://registry.npmjs.org/@jridgewell%2fresolve-uri set size:undefined disposed:false
630 silly placeDep ROOT @babel/compat-data@7.29.7 OK for: @babel/helper-compilation-targets@7.29.7 want: ^7.29.7
631 silly placeDep ROOT @babel/helper-validator-option@7.29.7 OK for: @babel/helper-compilation-targets@7.29.7 want: ^7.29.7
632 silly placeDep ROOT browserslist@4.28.8 OK for: @babel/helper-compilation-targets@7.29.7 want: ^4.24.0
633 silly placeDep ROOT lru-cache@5.1.1 OK for: @babel/helper-compilation-targets@7.29.7 want: ^5.1.1
634 silly fetch manifest caniuse-lite@^1.0.30001809
635 silly packumentCache full:https://registry.npmjs.org/caniuse-lite cache-miss
636 silly fetch manifest node-releases@^2.0.53
637 silly packumentCache full:https://registry.npmjs.org/node-releases cache-miss
638 silly fetch manifest electron-to-chromium@^1.5.402
639 silly packumentCache full:https://registry.npmjs.org/electron-to-chromium cache-miss
640 silly fetch manifest update-browserslist-db@^1.3.0
641 silly packumentCache full:https://registry.npmjs.org/update-browserslist-db cache-miss
642 silly fetch manifest baseline-browser-mapping@^2.11.12
643 silly packumentCache full:https://registry.npmjs.org/baseline-browser-mapping cache-miss
644 silly fetch manifest yallist@^3.0.2
645 silly packumentCache full:https://registry.npmjs.org/yallist cache-miss
646 http fetch GET 200 https://registry.npmjs.org/update-browserslist-db 21ms (cache miss)
647 silly packumentCache full:https://registry.npmjs.org/update-browserslist-db set size:undefined disposed:false
648 http fetch GET 200 https://registry.npmjs.org/node-releases 30ms (cache miss)
649 silly packumentCache full:https://registry.npmjs.org/node-releases set size:undefined disposed:false
650 http fetch GET 200 https://registry.npmjs.org/baseline-browser-mapping 33ms (cache miss)
651 silly packumentCache full:https://registry.npmjs.org/baseline-browser-mapping set size:undefined disposed:false
652 http fetch GET 200 https://registry.npmjs.org/caniuse-lite 90ms (cache miss)
653 silly packumentCache full:https://registry.npmjs.org/caniuse-lite set size:undefined disposed:false
654 http fetch GET 200 https://registry.npmjs.org/yallist 99ms (cache miss)
655 silly packumentCache full:https://registry.npmjs.org/yallist set size:undefined disposed:false
656 http fetch GET 200 https://registry.npmjs.org/electron-to-chromium 125ms (cache miss)
657 silly packumentCache full:https://registry.npmjs.org/electron-to-chromium set size:undefined disposed:false
658 silly placeDep ROOT @babel/helper-module-imports@7.29.7 OK for: @babel/helper-module-transforms@7.29.7 want: ^7.29.7
659 silly placeDep ROOT @babel/helper-plugin-utils@7.29.7 OK for: @babel/plugin-transform-react-jsx-self@7.29.7 want: ^7.29.7
660 silly placeDep ROOT @babel/helper-globals@7.29.7 OK for: @babel/traverse@7.29.8 want: ^7.29.7
661 silly placeDep ROOT @babel/helper-string-parser@7.29.7 OK for: @babel/types@7.29.8 want: ^7.29.7
662 silly placeDep ROOT @jridgewell/sourcemap-codec@1.5.5 OK for: @jridgewell/gen-mapping@0.3.13 want: ^1.5.0
663 silly placeDep ROOT @jridgewell/resolve-uri@3.1.2 OK for: @jridgewell/trace-mapping@0.3.31 want: ^3.1.0
664 silly placeDep ROOT @types/babel__generator@7.27.0 OK for: @types/babel__core@7.20.5 want: *
665 silly placeDep ROOT @types/babel__template@7.4.4 OK for: @types/babel__core@7.20.5 want: *
666 silly placeDep ROOT @types/babel__traverse@7.28.0 OK for: @types/babel__core@7.20.5 want: *
667 silly placeDep ROOT bindings@1.5.0 OK for: better-sqlite3@11.10.0 want: ^1.5.0
668 silly placeDep ROOT prebuild-install@7.1.3 OK for: better-sqlite3@11.10.0 want: ^7.1.1
669 silly fetch manifest file-uri-to-path@1.0.0
670 silly packumentCache full:https://registry.npmjs.org/file-uri-to-path cache-miss
671 silly fetch manifest rc@^1.2.7
672 silly packumentCache full:https://registry.npmjs.org/rc cache-miss
673 silly fetch manifest pump@^3.0.0
674 silly packumentCache full:https://registry.npmjs.org/pump cache-miss
675 silly fetch manifest tar-fs@^2.0.0
676 silly packumentCache full:https://registry.npmjs.org/tar-fs cache-miss
677 silly fetch manifest minimist@^1.2.3
678 silly packumentCache full:https://registry.npmjs.org/minimist cache-miss
679 silly fetch manifest node-abi@^3.3.0
680 silly packumentCache full:https://registry.npmjs.org/node-abi cache-miss
681 silly fetch manifest simple-get@^4.0.0
682 silly packumentCache full:https://registry.npmjs.org/simple-get cache-miss
683 http fetch GET 200 https://registry.npmjs.org/rc 23ms (cache miss)
684 silly packumentCache full:https://registry.npmjs.org/rc set size:undefined disposed:false
685 silly fetch manifest detect-libc@^2.0.0
686 silly packumentCache full:https://registry.npmjs.org/detect-libc cache-miss
687 http fetch GET 200 https://registry.npmjs.org/tar-fs 26ms (cache miss)
688 silly packumentCache full:https://registry.npmjs.org/tar-fs set size:undefined disposed:false
689 silly fetch manifest tunnel-agent@^0.6.0
690 silly packumentCache full:https://registry.npmjs.org/tunnel-agent cache-miss
691 http fetch GET 200 https://registry.npmjs.org/minimist 28ms (cache miss)
692 silly packumentCache full:https://registry.npmjs.org/minimist set size:undefined disposed:false
693 silly fetch manifest mkdirp-classic@^0.5.3
694 silly packumentCache full:https://registry.npmjs.org/mkdirp-classic cache-miss
695 http fetch GET 200 https://registry.npmjs.org/simple-get 29ms (cache miss)
696 silly packumentCache full:https://registry.npmjs.org/simple-get set size:undefined disposed:false
697 silly fetch manifest expand-template@^2.0.3
698 silly packumentCache full:https://registry.npmjs.org/expand-template cache-miss
699 http fetch GET 200 https://registry.npmjs.org/file-uri-to-path 31ms (cache miss)
700 silly packumentCache full:https://registry.npmjs.org/file-uri-to-path set size:undefined disposed:false
701 silly fetch manifest napi-build-utils@^2.0.0
702 silly packumentCache full:https://registry.npmjs.org/napi-build-utils cache-miss
703 http fetch GET 200 https://registry.npmjs.org/node-abi 40ms (cache miss)
704 silly packumentCache full:https://registry.npmjs.org/node-abi set size:undefined disposed:false
705 silly fetch manifest github-from-package@0.0.0
706 silly packumentCache full:https://registry.npmjs.org/github-from-package cache-miss
707 http fetch GET 200 https://registry.npmjs.org/detect-libc 21ms (cache miss)
708 silly packumentCache full:https://registry.npmjs.org/detect-libc set size:undefined disposed:false
709 http fetch GET 200 https://registry.npmjs.org/tunnel-agent 19ms (cache miss)
710 silly packumentCache full:https://registry.npmjs.org/tunnel-agent set size:undefined disposed:false
711 http fetch GET 200 https://registry.npmjs.org/expand-template 19ms (cache miss)
712 silly packumentCache full:https://registry.npmjs.org/expand-template set size:undefined disposed:false
713 http fetch GET 200 https://registry.npmjs.org/mkdirp-classic 19ms (cache miss)
714 silly packumentCache full:https://registry.npmjs.org/mkdirp-classic set size:undefined disposed:false
715 http fetch GET 200 https://registry.npmjs.org/napi-build-utils 26ms (cache miss)
716 silly packumentCache full:https://registry.npmjs.org/napi-build-utils set size:undefined disposed:false
717 http fetch GET 200 https://registry.npmjs.org/github-from-package 26ms (cache miss)
718 silly packumentCache full:https://registry.npmjs.org/github-from-package set size:undefined disposed:false
719 http fetch GET 200 https://registry.npmjs.org/pump 82ms (cache miss)
720 silly packumentCache full:https://registry.npmjs.org/pump set size:undefined disposed:false
721 silly placeDep ROOT file-uri-to-path@1.0.0 OK for: bindings@1.5.0 want: 1.0.0
722 silly fetch manifest browserslist@>= 4.21.0
723 silly packumentCache full:https://registry.npmjs.org/browserslist cache-miss
724 http cache https://registry.npmjs.org/browserslist 1ms (cache hit)
725 silly packumentCache full:https://registry.npmjs.org/browserslist set size:518659 disposed:false
726 silly placeDep ROOT baseline-browser-mapping@2.11.14 OK for: browserslist@4.28.8 want: ^2.11.12
727 silly placeDep ROOT caniuse-lite@1.0.30001809 OK for: browserslist@4.28.8 want: ^1.0.30001809
728 silly placeDep ROOT electron-to-chromium@1.5.407 OK for: browserslist@4.28.8 want: ^1.5.402
729 silly placeDep ROOT node-releases@2.0.53 OK for: browserslist@4.28.8 want: ^2.0.53
730 silly placeDep ROOT update-browserslist-db@1.3.1 OK for: browserslist@4.28.8 want: ^1.3.0
731 silly fetch manifest escalade@^3.2.0
732 silly packumentCache full:https://registry.npmjs.org/escalade cache-miss
733 http fetch GET 200 https://registry.npmjs.org/escalade 19ms (cache miss)
734 silly packumentCache full:https://registry.npmjs.org/escalade set size:undefined disposed:false
735 silly placeDep ROOT object-assign@4.1.1 OK for: cors@2.8.6 want: ^4
736 silly placeDep ROOT vary@1.1.2 OK for: cors@2.8.6 want: ^1
737 silly placeDep ROOT ms@2.1.3 OK for: debug@4.4.3 want: ^2.1.3
738 silly placeDep ROOT accepts@1.3.8 OK for: express@4.22.2 want: ~1.3.8
739 silly placeDep ROOT array-flatten@1.1.1 OK for: express@4.22.2 want: 1.1.1
740 silly placeDep ROOT body-parser@1.20.6 OK for: express@4.22.2 want: ~1.20.5
741 silly placeDep ROOT content-disposition@0.5.4 OK for: express@4.22.2 want: ~0.5.4
742 silly placeDep ROOT content-type@1.0.5 OK for: express@4.22.2 want: ~1.0.4
743 silly placeDep ROOT cookie@0.7.2 OK for: express@4.22.2 want: ~0.7.1
744 silly placeDep ROOT cookie-signature@1.0.7 OK for: express@4.22.2 want: ~1.0.6
745 silly placeDep node_modules/express debug@2.6.9 OK for: express@4.22.2 want: 2.6.9
746 silly placeDep ROOT depd@2.0.0 OK for: express@4.22.2 want: 2.0.0
747 silly placeDep ROOT encodeurl@2.0.0 OK for: express@4.22.2 want: ~2.0.0
748 silly placeDep ROOT escape-html@1.0.3 OK for: express@4.22.2 want: ~1.0.3
749 silly placeDep ROOT etag@1.8.1 OK for: express@4.22.2 want: ~1.8.1
750 silly placeDep ROOT finalhandler@1.3.2 OK for: express@4.22.2 want: ~1.3.1
751 silly placeDep ROOT fresh@0.5.2 OK for: express@4.22.2 want: ~0.5.2
752 silly placeDep ROOT http-errors@2.0.1 OK for: express@4.22.2 want: ~2.0.0
753 silly placeDep ROOT merge-descriptors@1.0.3 OK for: express@4.22.2 want: 1.0.3
754 silly placeDep ROOT methods@1.1.2 OK for: express@4.22.2 want: ~1.1.2
755 silly placeDep ROOT on-finished@2.4.1 OK for: express@4.22.2 want: ~2.4.1
756 silly placeDep ROOT parseurl@1.3.3 OK for: express@4.22.2 want: ~1.3.3
757 silly placeDep ROOT path-to-regexp@0.1.13 OK for: express@4.22.2 want: ~0.1.12
758 silly placeDep ROOT proxy-addr@2.0.7 OK for: express@4.22.2 want: ~2.0.7
759 silly placeDep ROOT qs@6.15.3 OK for: express@4.22.2 want: ~6.15.1
760 silly placeDep ROOT range-parser@1.2.1 OK for: express@4.22.2 want: ~1.2.1
761 silly placeDep ROOT safe-buffer@5.2.1 OK for: express@4.22.2 want: 5.2.1
762 silly placeDep ROOT send@0.19.2 OK for: express@4.22.2 want: ~0.19.0
763 silly placeDep ROOT serve-static@1.16.3 OK for: express@4.22.2 want: ~1.16.2
764 silly placeDep ROOT setprototypeof@1.2.0 OK for: express@4.22.2 want: 1.2.0
765 silly placeDep ROOT statuses@2.0.2 OK for: express@4.22.2 want: ~2.0.1
766 silly placeDep ROOT type-is@1.6.18 OK for: express@4.22.2 want: ~1.6.18
767 silly placeDep ROOT utils-merge@1.0.1 OK for: express@4.22.2 want: 1.0.1
768 silly fetch manifest mime-types@~2.1.34
769 silly packumentCache full:https://registry.npmjs.org/mime-types cache-miss
770 silly fetch manifest negotiator@0.6.3
771 silly packumentCache full:https://registry.npmjs.org/negotiator cache-miss
772 silly fetch manifest bytes@~3.1.2
773 silly packumentCache full:https://registry.npmjs.org/bytes cache-miss
774 silly fetch manifest unpipe@~1.0.0
775 silly packumentCache full:https://registry.npmjs.org/unpipe cache-miss
776 silly fetch manifest destroy@~1.2.0
777 silly packumentCache full:https://registry.npmjs.org/destroy cache-miss
778 silly fetch manifest raw-body@~2.5.3
779 silly packumentCache full:https://registry.npmjs.org/raw-body cache-miss
780 silly fetch manifest iconv-lite@~0.4.24
781 silly packumentCache full:https://registry.npmjs.org/iconv-lite cache-miss
782 http fetch GET 200 https://registry.npmjs.org/bytes 21ms (cache miss)
783 silly packumentCache full:https://registry.npmjs.org/bytes set size:undefined disposed:false
784 silly fetch manifest http-errors@~2.0.1
785 silly packumentCache full:https://registry.npmjs.org/http-errors cache-miss
786 http fetch GET 200 https://registry.npmjs.org/negotiator 21ms (cache miss)
787 silly packumentCache full:https://registry.npmjs.org/negotiator set size:undefined disposed:false
788 silly fetch manifest content-type@~1.0.5
789 silly packumentCache full:https://registry.npmjs.org/content-type cache-miss
790 http cache https://registry.npmjs.org/http-errors 3ms (cache hit)
791 silly packumentCache full:https://registry.npmjs.org/http-errors set size:71987 disposed:false
792 silly fetch manifest ms@2.0.0
793 silly packumentCache full:https://registry.npmjs.org/ms cache-miss
794 http cache https://registry.npmjs.org/content-type 3ms (cache hit)
795 silly packumentCache full:https://registry.npmjs.org/content-type set size:21479 disposed:false
796 silly fetch manifest unpipe@~1.0.0
797 silly packumentCache full:https://registry.npmjs.org/unpipe cache-miss
798 http fetch GET 200 https://registry.npmjs.org/mime-types 26ms (cache miss)
799 silly packumentCache full:https://registry.npmjs.org/mime-types set size:undefined disposed:false
800 silly fetch manifest statuses@~2.0.2
801 silly packumentCache full:https://registry.npmjs.org/statuses cache-miss
802 http fetch GET 200 https://registry.npmjs.org/raw-body 28ms (cache miss)
803 silly packumentCache full:https://registry.npmjs.org/raw-body set size:undefined disposed:false
804 silly fetch manifest inherits@~2.0.4
805 silly packumentCache full:https://registry.npmjs.org/inherits cache-miss
806 http cache https://registry.npmjs.org/ms 6ms (cache hit)
807 silly packumentCache full:https://registry.npmjs.org/ms set size:92208 disposed:false
808 silly fetch manifest setprototypeof@~1.2.0
809 silly packumentCache full:https://registry.npmjs.org/setprototypeof cache-miss
810 http cache https://registry.npmjs.org/statuses 4ms (cache hit)
811 silly packumentCache full:https://registry.npmjs.org/statuses set size:37117 disposed:false
812 silly fetch manifest toidentifier@~1.0.1
813 silly packumentCache full:https://registry.npmjs.org/toidentifier cache-miss
814 http fetch GET 200 https://registry.npmjs.org/destroy 31ms (cache miss)
815 silly packumentCache full:https://registry.npmjs.org/destroy set size:undefined disposed:false
816 silly fetch manifest ee-first@1.1.1
817 silly packumentCache full:https://registry.npmjs.org/ee-first cache-miss
818 http fetch GET 200 https://registry.npmjs.org/unpipe 31ms (cache miss)
819 silly packumentCache full:https://registry.npmjs.org/unpipe set size:undefined disposed:false
820 silly fetch manifest forwarded@0.2.0
821 silly packumentCache full:https://registry.npmjs.org/forwarded cache-miss
822 http fetch GET 200 https://registry.npmjs.org/iconv-lite 33ms (cache miss)
823 silly packumentCache full:https://registry.npmjs.org/iconv-lite set size:undefined disposed:false
824 silly fetch manifest ipaddr.js@1.9.1
825 silly packumentCache full:https://registry.npmjs.org/ipaddr.js cache-miss
826 http cache https://registry.npmjs.org/setprototypeof 4ms (cache hit)
827 silly packumentCache full:https://registry.npmjs.org/setprototypeof set size:14532 disposed:false
828 silly fetch manifest side-channel@^1.1.1
829 silly packumentCache full:https://registry.npmjs.org/side-channel cache-miss
830 http fetch GET 200 https://registry.npmjs.org/unpipe 17ms (cache miss)
831 silly packumentCache full:https://registry.npmjs.org/unpipe set size:undefined disposed:false
832 silly fetch manifest es-define-property@^1.0.1
833 silly packumentCache full:https://registry.npmjs.org/es-define-property cache-miss
834 http fetch GET 200 https://registry.npmjs.org/inherits 18ms (cache miss)
835 silly packumentCache full:https://registry.npmjs.org/inherits set size:undefined disposed:false
836 silly fetch manifest mime@1.6.0
837 silly packumentCache full:https://registry.npmjs.org/mime cache-miss
838 http fetch GET 200 https://registry.npmjs.org/ee-first 19ms (cache miss)
839 silly packumentCache full:https://registry.npmjs.org/ee-first set size:undefined disposed:false
840 silly fetch manifest destroy@1.2.0
841 silly packumentCache full:https://registry.npmjs.org/destroy cache-miss
842 http fetch GET 200 https://registry.npmjs.org/toidentifier 19ms (cache miss)
843 silly packumentCache full:https://registry.npmjs.org/toidentifier set size:undefined disposed:false
844 silly fetch manifest mime-types@~2.1.24
845 silly packumentCache full:https://registry.npmjs.org/mime-types cache-miss
846 http cache https://registry.npmjs.org/destroy 2ms (cache hit)
847 silly packumentCache full:https://registry.npmjs.org/destroy set size:15738 disposed:false
848 silly fetch manifest media-typer@0.3.0
849 silly packumentCache full:https://registry.npmjs.org/media-typer cache-miss
850 http cache https://registry.npmjs.org/mime-types 1ms (cache hit)
851 silly packumentCache full:https://registry.npmjs.org/mime-types set size:139110 disposed:false
852 http fetch GET 200 https://registry.npmjs.org/forwarded 23ms (cache miss)
853 silly packumentCache full:https://registry.npmjs.org/forwarded set size:undefined disposed:false
854 http fetch GET 200 https://registry.npmjs.org/side-channel 21ms (cache miss)
855 silly packumentCache full:https://registry.npmjs.org/side-channel set size:undefined disposed:false
856 http fetch GET 200 https://registry.npmjs.org/es-define-property 17ms (cache miss)
857 silly packumentCache full:https://registry.npmjs.org/es-define-property set size:undefined disposed:false
858 http fetch GET 200 https://registry.npmjs.org/ipaddr.js 30ms (cache miss)
859 silly packumentCache full:https://registry.npmjs.org/ipaddr.js set size:undefined disposed:false
860 http fetch GET 200 https://registry.npmjs.org/mime 20ms (cache miss)
861 silly packumentCache full:https://registry.npmjs.org/mime set size:undefined disposed:false
862 http fetch GET 200 https://registry.npmjs.org/media-typer 17ms (cache miss)
863 silly packumentCache full:https://registry.npmjs.org/media-typer set size:undefined disposed:false
864 silly placeDep ROOT mime-types@2.1.35 OK for: accepts@1.3.8 want: ~2.1.34
865 silly placeDep ROOT negotiator@0.6.3 OK for: accepts@1.3.8 want: 0.6.3
866 silly fetch manifest mime-db@1.52.0
867 silly packumentCache full:https://registry.npmjs.org/mime-db cache-miss
868 http fetch GET 200 https://registry.npmjs.org/mime-db 22ms (cache miss)
869 silly packumentCache full:https://registry.npmjs.org/mime-db set size:undefined disposed:false
870 silly placeDep ROOT bytes@3.1.2 OK for: body-parser@1.20.6 want: ~3.1.2
871 silly placeDep node_modules/body-parser debug@2.6.9 OK for: body-parser@1.20.6 want: 2.6.9
872 silly placeDep ROOT destroy@1.2.0 OK for: body-parser@1.20.6 want: ~1.2.0
873 silly placeDep ROOT iconv-lite@0.4.24 OK for: body-parser@1.20.6 want: ~0.4.24
874 silly placeDep ROOT raw-body@2.5.3 OK for: body-parser@1.20.6 want: ~2.5.3
875 silly placeDep ROOT unpipe@1.0.0 OK for: body-parser@1.20.6 want: ~1.0.0
876 silly fetch manifest safer-buffer@>= 2.1.2 < 3
877 silly packumentCache full:https://registry.npmjs.org/safer-buffer cache-miss
878 http fetch GET 200 https://registry.npmjs.org/safer-buffer 22ms (cache miss)
879 silly packumentCache full:https://registry.npmjs.org/safer-buffer set size:undefined disposed:false
880 silly placeDep node_modules/finalhandler debug@2.6.9 OK for: finalhandler@1.3.2 want: 2.6.9
881 silly placeDep ROOT inherits@2.0.4 OK for: http-errors@2.0.1 want: ~2.0.4
882 silly placeDep ROOT toidentifier@1.0.1 OK for: http-errors@2.0.1 want: ~1.0.1
883 silly placeDep ROOT safer-buffer@2.1.2 OK for: iconv-lite@0.4.24 want: >= 2.1.2 < 3
884 silly placeDep ROOT yallist@3.1.1 OK for: lru-cache@5.1.1 want: ^3.0.2
885 silly placeDep ROOT mime-db@1.52.0 OK for: mime-types@2.1.35 want: 1.52.0
886 silly placeDep ROOT ee-first@1.1.1 OK for: on-finished@2.4.1 want: 1.1.1
887 silly placeDep ROOT detect-libc@2.1.2 OK for: prebuild-install@7.1.3 want: ^2.0.0
888 silly placeDep ROOT expand-template@2.0.3 OK for: prebuild-install@7.1.3 want: ^2.0.3
889 silly placeDep ROOT github-from-package@0.0.0 OK for: prebuild-install@7.1.3 want: 0.0.0
890 silly placeDep ROOT minimist@1.2.8 OK for: prebuild-install@7.1.3 want: ^1.2.3
891 silly placeDep ROOT mkdirp-classic@0.5.3 OK for: prebuild-install@7.1.3 want: ^0.5.3
892 silly placeDep ROOT napi-build-utils@2.0.0 OK for: prebuild-install@7.1.3 want: ^2.0.0
893 silly placeDep ROOT node-abi@3.94.0 OK for: prebuild-install@7.1.3 want: ^3.3.0
894 silly placeDep ROOT pump@3.0.4 OK for: prebuild-install@7.1.3 want: ^3.0.0
895 silly placeDep ROOT rc@1.2.8 OK for: prebuild-install@7.1.3 want: ^1.2.7
896 silly placeDep ROOT simple-get@4.0.1 OK for: prebuild-install@7.1.3 want: ^4.0.0
897 silly placeDep ROOT tar-fs@2.1.5 OK for: prebuild-install@7.1.3 want: ^2.0.0
898 silly placeDep ROOT tunnel-agent@0.6.0 OK for: prebuild-install@7.1.3 want: ^0.6.0
899 silly fetch manifest semver@^7.3.5
900 silly packumentCache full:https://registry.npmjs.org/semver cache-miss
901 silly fetch manifest end-of-stream@^1.1.0
902 silly packumentCache full:https://registry.npmjs.org/end-of-stream cache-miss
903 silly fetch manifest once@^1.3.1
904 silly packumentCache full:https://registry.npmjs.org/once cache-miss
905 silly fetch manifest ini@~1.3.0
906 silly packumentCache full:https://registry.npmjs.org/ini cache-miss
907 silly fetch manifest deep-extend@^0.6.0
908 silly packumentCache full:https://registry.npmjs.org/deep-extend cache-miss
909 silly fetch manifest strip-json-comments@~2.0.1
910 silly packumentCache full:https://registry.npmjs.org/strip-json-comments cache-miss
911 silly fetch manifest decompress-response@^6.0.0
912 silly packumentCache full:https://registry.npmjs.org/decompress-response cache-miss
913 http cache https://registry.npmjs.org/semver 3ms (cache hit)
914 silly packumentCache full:https://registry.npmjs.org/semver set size:246069 disposed:false
915 silly fetch manifest once@^1.3.1
916 silly packumentCache full:https://registry.npmjs.org/once cache-miss
917 http fetch GET 200 https://registry.npmjs.org/once 21ms (cache miss)
918 silly packumentCache full:https://registry.npmjs.org/once set size:undefined disposed:false
919 silly fetch manifest simple-concat@^1.0.0
920 silly packumentCache full:https://registry.npmjs.org/simple-concat cache-miss
921 http fetch GET 200 https://registry.npmjs.org/once 19ms (cache miss)
922 silly packumentCache full:https://registry.npmjs.org/once set size:undefined disposed:false
923 silly fetch manifest chownr@^1.1.1
924 silly packumentCache full:https://registry.npmjs.org/chownr cache-miss
925 http fetch GET 200 https://registry.npmjs.org/decompress-response 25ms (cache miss)
926 silly packumentCache full:https://registry.npmjs.org/decompress-response set size:undefined disposed:false
927 silly fetch manifest tar-stream@^2.1.4
928 silly packumentCache full:https://registry.npmjs.org/tar-stream cache-miss
929 http fetch GET 200 https://registry.npmjs.org/end-of-stream 27ms (cache miss)
930 silly packumentCache full:https://registry.npmjs.org/end-of-stream set size:undefined disposed:false
931 http fetch GET 200 https://registry.npmjs.org/deep-extend 28ms (cache miss)
932 silly packumentCache full:https://registry.npmjs.org/deep-extend set size:undefined disposed:false
933 http fetch GET 200 https://registry.npmjs.org/strip-json-comments 28ms (cache miss)
934 silly packumentCache full:https://registry.npmjs.org/strip-json-comments set size:undefined disposed:false
935 http fetch GET 200 https://registry.npmjs.org/ini 29ms (cache miss)
936 silly packumentCache full:https://registry.npmjs.org/ini set size:undefined disposed:false
937 http fetch GET 200 https://registry.npmjs.org/simple-concat 19ms (cache miss)
938 silly packumentCache full:https://registry.npmjs.org/simple-concat set size:undefined disposed:false
939 http fetch GET 200 https://registry.npmjs.org/chownr 19ms (cache miss)
940 silly packumentCache full:https://registry.npmjs.org/chownr set size:undefined disposed:false
941 http fetch GET 200 https://registry.npmjs.org/tar-stream 21ms (cache miss)
942 silly packumentCache full:https://registry.npmjs.org/tar-stream set size:undefined disposed:false
943 silly placeDep node_modules/node-abi semver@7.8.5 OK for: node-abi@3.94.0 want: ^7.3.5
944 silly placeDep ROOT forwarded@0.2.0 OK for: proxy-addr@2.0.7 want: 0.2.0
945 silly placeDep ROOT ipaddr.js@1.9.1 OK for: proxy-addr@2.0.7 want: 1.9.1
946 silly placeDep ROOT end-of-stream@1.4.5 OK for: pump@3.0.4 want: ^1.1.0
947 silly placeDep ROOT once@1.4.0 OK for: pump@3.0.4 want: ^1.3.1
948 silly fetch manifest once@^1.4.0
949 silly packumentCache full:https://registry.npmjs.org/once cache-miss
950 silly fetch manifest wrappy@1
951 silly packumentCache full:https://registry.npmjs.org/wrappy cache-miss
952 http cache https://registry.npmjs.org/once 1ms (cache hit)
953 silly packumentCache full:https://registry.npmjs.org/once set size:11752 disposed:false
954 http fetch GET 200 https://registry.npmjs.org/wrappy 22ms (cache miss)
955 silly packumentCache full:https://registry.npmjs.org/wrappy set size:undefined disposed:false
956 silly placeDep ROOT wrappy@1.0.2 OK for: once@1.4.0 want: 1
957 silly placeDep ROOT es-define-property@1.0.1 OK for: qs@6.15.3 want: ^1.0.1
958 silly placeDep ROOT side-channel@1.1.1 OK for: qs@6.15.3 want: ^1.1.1
959 silly fetch manifest es-errors@^1.3.0
960 silly packumentCache full:https://registry.npmjs.org/es-errors cache-miss
961 silly fetch manifest object-inspect@^1.13.4
962 silly packumentCache full:https://registry.npmjs.org/object-inspect cache-miss
963 silly fetch manifest side-channel-list@^1.0.1
964 silly packumentCache full:https://registry.npmjs.org/side-channel-list cache-miss
965 silly fetch manifest side-channel-map@^1.0.1
966 silly packumentCache full:https://registry.npmjs.org/side-channel-map cache-miss
967 silly fetch manifest side-channel-weakmap@^1.0.2
968 silly packumentCache full:https://registry.npmjs.org/side-channel-weakmap cache-miss
969 http fetch GET 200 https://registry.npmjs.org/es-errors 21ms (cache miss)
970 silly packumentCache full:https://registry.npmjs.org/es-errors set size:undefined disposed:false
971 http fetch GET 200 https://registry.npmjs.org/side-channel-weakmap 21ms (cache miss)
972 silly packumentCache full:https://registry.npmjs.org/side-channel-weakmap set size:undefined disposed:false
973 http fetch GET 200 https://registry.npmjs.org/object-inspect 23ms (cache miss)
974 silly packumentCache full:https://registry.npmjs.org/object-inspect set size:undefined disposed:false
975 http fetch GET 200 https://registry.npmjs.org/side-channel-map 23ms (cache miss)
976 silly packumentCache full:https://registry.npmjs.org/side-channel-map set size:undefined disposed:false
977 http fetch GET 200 https://registry.npmjs.org/side-channel-list 28ms (cache miss)
978 silly packumentCache full:https://registry.npmjs.org/side-channel-list set size:undefined disposed:false
979 silly placeDep ROOT deep-extend@0.6.0 OK for: rc@1.2.8 want: ^0.6.0
980 silly placeDep ROOT ini@1.3.8 OK for: rc@1.2.8 want: ~1.3.0
981 silly placeDep ROOT strip-json-comments@2.0.1 OK for: rc@1.2.8 want: ~2.0.1
982 silly placeDep ROOT loose-envify@1.4.0 OK for: react@18.3.1 want: ^1.1.0
983 silly placeDep ROOT scheduler@0.23.2 OK for: react-dom@18.3.1 want: ^0.23.2
984 silly fetch manifest react@>=16.8
985 silly packumentCache full:https://registry.npmjs.org/react cache-miss
986 http cache https://registry.npmjs.org/react 8ms (cache hit)
987 silly packumentCache full:https://registry.npmjs.org/react set size:6897881 disposed:false
988 silly placeDep ROOT @remix-run/router@1.23.3 OK for: react-router-dom@6.30.4 want: 1.23.3
989 silly placeDep ROOT react-router@6.30.4 OK for: react-router-dom@6.30.4 want: 6.30.4
990 silly placeDep node_modules/send debug@2.6.9 OK for: send@0.19.2 want: 2.6.9
991 silly placeDep ROOT mime@1.6.0 OK for: send@0.19.2 want: 1.6.0
992 silly placeDep ROOT es-errors@1.3.0 OK for: side-channel@1.1.1 want: ^1.3.0
993 silly placeDep ROOT object-inspect@1.13.4 OK for: side-channel@1.1.1 want: ^1.13.4
994 silly placeDep ROOT side-channel-list@1.0.1 OK for: side-channel@1.1.1 want: ^1.0.1
995 silly placeDep ROOT side-channel-map@1.0.1 OK for: side-channel@1.1.1 want: ^1.0.1
996 silly placeDep ROOT side-channel-weakmap@1.0.2 OK for: side-channel@1.1.1 want: ^1.0.2
997 silly fetch manifest call-bound@^1.0.2
998 silly packumentCache full:https://registry.npmjs.org/call-bound cache-miss
999 silly fetch manifest get-intrinsic@^1.2.5
1000 silly packumentCache full:https://registry.npmjs.org/get-intrinsic cache-miss
1001 silly fetch manifest call-bound@^1.0.2
1002 silly packumentCache full:https://registry.npmjs.org/call-bound cache-miss
1003 silly fetch manifest get-intrinsic@^1.2.5
1004 silly packumentCache full:https://registry.npmjs.org/get-intrinsic cache-miss
1005 http fetch GET 200 https://registry.npmjs.org/call-bound 20ms (cache miss)
1006 silly packumentCache full:https://registry.npmjs.org/call-bound set size:undefined disposed:false
1007 http fetch GET 200 https://registry.npmjs.org/get-intrinsic 20ms (cache miss)
1008 silly packumentCache full:https://registry.npmjs.org/get-intrinsic set size:undefined disposed:false
1009 http fetch GET 200 https://registry.npmjs.org/call-bound 21ms (cache miss)
1010 silly packumentCache full:https://registry.npmjs.org/call-bound set size:undefined disposed:false
1011 http fetch GET 200 https://registry.npmjs.org/get-intrinsic 25ms (cache miss)
1012 silly packumentCache full:https://registry.npmjs.org/get-intrinsic set size:undefined disposed:false
1013 silly placeDep ROOT call-bound@1.0.4 OK for: side-channel-map@1.0.1 want: ^1.0.2
1014 silly placeDep ROOT get-intrinsic@1.3.0 OK for: side-channel-map@1.0.1 want: ^1.2.5
1015 silly fetch manifest call-bind-apply-helpers@^1.0.2
1016 silly packumentCache full:https://registry.npmjs.org/call-bind-apply-helpers cache-miss
1017 silly fetch manifest get-intrinsic@^1.3.0
1018 silly packumentCache full:https://registry.npmjs.org/get-intrinsic cache-miss
1019 silly fetch manifest gopd@^1.2.0
1020 silly packumentCache full:https://registry.npmjs.org/gopd cache-miss
1021 silly fetch manifest hasown@^2.0.2
1022 silly packumentCache full:https://registry.npmjs.org/hasown cache-miss
1023 silly fetch manifest get-proto@^1.0.1
1024 silly packumentCache full:https://registry.npmjs.org/get-proto cache-miss
1025 silly fetch manifest has-symbols@^1.1.0
1026 silly packumentCache full:https://registry.npmjs.org/has-symbols cache-miss
1027 silly fetch manifest function-bind@^1.1.2
1028 silly packumentCache full:https://registry.npmjs.org/function-bind cache-miss
1029 http cache https://registry.npmjs.org/get-intrinsic 2ms (cache hit)
1030 silly packumentCache full:https://registry.npmjs.org/get-intrinsic set size:60985 disposed:false
1031 silly fetch manifest es-object-atoms@^1.1.1
1032 silly packumentCache full:https://registry.npmjs.org/es-object-atoms cache-miss
1033 http fetch GET 200 https://registry.npmjs.org/call-bind-apply-helpers 19ms (cache miss)
1034 silly packumentCache full:https://registry.npmjs.org/call-bind-apply-helpers set size:undefined disposed:false
1035 silly fetch manifest math-intrinsics@^1.1.0
1036 silly packumentCache full:https://registry.npmjs.org/math-intrinsics cache-miss
1037 http fetch GET 200 https://registry.npmjs.org/get-proto 20ms (cache miss)
1038 silly packumentCache full:https://registry.npmjs.org/get-proto set size:undefined disposed:false
1039 http fetch GET 200 https://registry.npmjs.org/has-symbols 20ms (cache miss)
1040 silly packumentCache full:https://registry.npmjs.org/has-symbols set size:undefined disposed:false
1041 http fetch GET 200 https://registry.npmjs.org/gopd 22ms (cache miss)
1042 silly packumentCache full:https://registry.npmjs.org/gopd set size:undefined disposed:false
1043 http fetch GET 200 https://registry.npmjs.org/function-bind 22ms (cache miss)
1044 silly packumentCache full:https://registry.npmjs.org/function-bind set size:undefined disposed:false
1045 http fetch GET 200 https://registry.npmjs.org/hasown 24ms (cache miss)
1046 silly packumentCache full:https://registry.npmjs.org/hasown set size:undefined disposed:false
1047 http fetch GET 200 https://registry.npmjs.org/es-object-atoms 23ms (cache miss)
1048 silly packumentCache full:https://registry.npmjs.org/es-object-atoms set size:undefined disposed:false
1049 http fetch GET 200 https://registry.npmjs.org/math-intrinsics 17ms (cache miss)
1050 silly packumentCache full:https://registry.npmjs.org/math-intrinsics set size:undefined disposed:false
1051 silly placeDep ROOT call-bind-apply-helpers@1.0.2 OK for: call-bound@1.0.4 want: ^1.0.2
1052 silly placeDep ROOT function-bind@1.1.2 OK for: call-bind-apply-helpers@1.0.2 want: ^1.1.2
1053 silly placeDep ROOT es-object-atoms@1.1.2 OK for: get-intrinsic@1.3.0 want: ^1.1.1
1054 silly placeDep ROOT get-proto@1.0.1 OK for: get-intrinsic@1.3.0 want: ^1.0.1
1055 silly placeDep ROOT gopd@1.2.0 OK for: get-intrinsic@1.3.0 want: ^1.2.0
1056 silly placeDep ROOT has-symbols@1.1.0 OK for: get-intrinsic@1.3.0 want: ^1.1.0
1057 silly placeDep ROOT hasown@2.0.4 OK for: get-intrinsic@1.3.0 want: ^2.0.2
1058 silly placeDep ROOT math-intrinsics@1.1.0 OK for: get-intrinsic@1.3.0 want: ^1.1.0
1059 silly fetch manifest dunder-proto@^1.0.1
1060 silly packumentCache full:https://registry.npmjs.org/dunder-proto cache-miss
1061 http fetch GET 200 https://registry.npmjs.org/dunder-proto 18ms (cache miss)
1062 silly packumentCache full:https://registry.npmjs.org/dunder-proto set size:undefined disposed:false
1063 silly placeDep ROOT dunder-proto@1.0.1 OK for: get-proto@1.0.1 want: ^1.0.1
1064 silly placeDep ROOT decompress-response@6.0.0 OK for: simple-get@4.0.1 want: ^6.0.0
1065 silly placeDep ROOT simple-concat@1.0.1 OK for: simple-get@4.0.1 want: ^1.0.0
1066 silly fetch manifest mimic-response@^3.1.0
1067 silly packumentCache full:https://registry.npmjs.org/mimic-response cache-miss
1068 http fetch GET 200 https://registry.npmjs.org/mimic-response 19ms (cache miss)
1069 silly packumentCache full:https://registry.npmjs.org/mimic-response set size:undefined disposed:false
1070 silly placeDep ROOT mimic-response@3.1.0 OK for: decompress-response@6.0.0 want: ^3.1.0
1071 silly placeDep ROOT chownr@1.1.4 OK for: tar-fs@2.1.5 want: ^1.1.1
1072 silly placeDep ROOT tar-stream@2.2.0 OK for: tar-fs@2.1.5 want: ^2.1.4
1073 silly fetch manifest bl@^4.0.3
1074 silly packumentCache full:https://registry.npmjs.org/bl cache-miss
1075 silly fetch manifest fs-constants@^1.0.0
1076 silly packumentCache full:https://registry.npmjs.org/fs-constants cache-miss
1077 silly fetch manifest readable-stream@^3.1.1
1078 silly packumentCache full:https://registry.npmjs.org/readable-stream cache-miss
1079 http fetch GET 200 https://registry.npmjs.org/bl 22ms (cache miss)
1080 silly packumentCache full:https://registry.npmjs.org/bl set size:undefined disposed:false
1081 http fetch GET 200 https://registry.npmjs.org/readable-stream 31ms (cache miss)
1082 silly packumentCache full:https://registry.npmjs.org/readable-stream set size:undefined disposed:false
1083 http fetch GET 200 https://registry.npmjs.org/fs-constants 45ms (cache miss)
1084 silly packumentCache full:https://registry.npmjs.org/fs-constants set size:undefined disposed:false
1085 silly placeDep ROOT bl@4.1.0 OK for: tar-stream@2.2.0 want: ^4.0.3
1086 silly placeDep ROOT fs-constants@1.0.0 OK for: tar-stream@2.2.0 want: ^1.0.0
1087 silly placeDep ROOT readable-stream@3.6.2 OK for: tar-stream@2.2.0 want: ^3.1.1
1088 silly fetch manifest buffer@^5.5.0
1089 silly packumentCache full:https://registry.npmjs.org/buffer cache-miss
1090 silly fetch manifest readable-stream@^3.4.0
1091 silly packumentCache full:https://registry.npmjs.org/readable-stream cache-miss
1092 silly fetch manifest string_decoder@^1.1.1
1093 silly packumentCache full:https://registry.npmjs.org/string_decoder cache-miss
1094 silly fetch manifest util-deprecate@^1.0.1
1095 silly packumentCache full:https://registry.npmjs.org/util-deprecate cache-miss
1096 http cache https://registry.npmjs.org/readable-stream 2ms (cache hit)
1097 silly packumentCache full:https://registry.npmjs.org/readable-stream set size:261096 disposed:false
1098 http fetch GET 200 https://registry.npmjs.org/util-deprecate 21ms (cache miss)
1099 silly packumentCache full:https://registry.npmjs.org/util-deprecate set size:undefined disposed:false
1100 http fetch GET 200 https://registry.npmjs.org/string_decoder 21ms (cache miss)
1101 silly packumentCache full:https://registry.npmjs.org/string_decoder set size:undefined disposed:false
1102 http fetch GET 200 https://registry.npmjs.org/buffer 28ms (cache miss)
1103 silly packumentCache full:https://registry.npmjs.org/buffer set size:undefined disposed:false
1104 silly placeDep ROOT buffer@5.7.1 OK for: bl@4.1.0 want: ^5.5.0
1105 silly fetch manifest base64-js@^1.3.1
1106 silly packumentCache full:https://registry.npmjs.org/base64-js cache-miss
1107 silly fetch manifest ieee754@^1.1.13
1108 silly packumentCache full:https://registry.npmjs.org/ieee754 cache-miss
1109 http fetch GET 200 https://registry.npmjs.org/ieee754 22ms (cache miss)
1110 silly packumentCache full:https://registry.npmjs.org/ieee754 set size:undefined disposed:false
1111 http fetch GET 200 https://registry.npmjs.org/base64-js 22ms (cache miss)
1112 silly packumentCache full:https://registry.npmjs.org/base64-js set size:undefined disposed:false
1113 silly placeDep ROOT base64-js@1.5.1 OK for: buffer@5.7.1 want: ^1.3.1
1114 silly placeDep ROOT ieee754@1.2.1 OK for: buffer@5.7.1 want: ^1.1.13
1115 silly placeDep ROOT string_decoder@1.3.0 OK for: readable-stream@3.6.2 want: ^1.1.1
1116 silly placeDep ROOT util-deprecate@1.0.2 OK for: readable-stream@3.6.2 want: ^1.0.1
1117 silly placeDep ROOT esbuild@0.28.2 OK for: tsx@4.23.12 want: ~0.28.0
1118 silly placeDep ROOT fsevents@2.3.3 OK for: tsx@4.23.12 want: ~2.3.3
1119 silly fetch manifest @esbuild/aix-ppc64@0.28.2
1120 silly packumentCache full:https://registry.npmjs.org/@esbuild%2faix-ppc64 cache-miss
1121 silly fetch manifest @esbuild/linux-arm@0.28.2
1122 silly packumentCache full:https://registry.npmjs.org/@esbuild%2flinux-arm cache-miss
1123 silly fetch manifest @esbuild/linux-x64@0.28.2
1124 silly packumentCache full:https://registry.npmjs.org/@esbuild%2flinux-x64 cache-miss
1125 silly fetch manifest @esbuild/sunos-x64@0.28.2
1126 silly packumentCache full:https://registry.npmjs.org/@esbuild%2fsunos-x64 cache-miss
1127 silly fetch manifest @esbuild/win32-x64@0.28.2
1128 silly packumentCache full:https://registry.npmjs.org/@esbuild%2fwin32-x64 cache-miss
1129 silly fetch manifest @esbuild/darwin-x64@0.28.2
1130 silly packumentCache full:https://registry.npmjs.org/@esbuild%2fdarwin-x64 cache-miss
1131 silly fetch manifest @esbuild/linux-ia32@0.28.2
1132 silly packumentCache full:https://registry.npmjs.org/@esbuild%2flinux-ia32 cache-miss
1133 http fetch GET 200 https://registry.npmjs.org/@esbuild%2flinux-x64 37ms (cache miss)
1134 silly packumentCache full:https://registry.npmjs.org/@esbuild%2flinux-x64 set size:undefined disposed:false
1135 silly fetch manifest @esbuild/netbsd-x64@0.28.2
1136 silly packumentCache full:https://registry.npmjs.org/@esbuild%2fnetbsd-x64 cache-miss
1137 http fetch GET 200 https://registry.npmjs.org/@esbuild%2flinux-arm 41ms (cache miss)
1138 silly packumentCache full:https://registry.npmjs.org/@esbuild%2flinux-arm set size:undefined disposed:false
1139 silly fetch manifest @esbuild/win32-ia32@0.28.2
1140 silly packumentCache full:https://registry.npmjs.org/@esbuild%2fwin32-ia32 cache-miss
1141 http fetch GET 200 https://registry.npmjs.org/@esbuild%2flinux-ia32 42ms (cache miss)
1142 silly packumentCache full:https://registry.npmjs.org/@esbuild%2flinux-ia32 set size:undefined disposed:false
1143 silly fetch manifest @esbuild/android-arm@0.28.2
1144 silly packumentCache full:https://registry.npmjs.org/@esbuild%2fandroid-arm cache-miss
1145 http fetch GET 200 https://registry.npmjs.org/@esbuild%2fsunos-x64 44ms (cache miss)
1146 silly packumentCache full:https://registry.npmjs.org/@esbuild%2fsunos-x64 set size:undefined disposed:false
1147 silly fetch manifest @esbuild/android-x64@0.28.2
1148 silly packumentCache full:https://registry.npmjs.org/@esbuild%2fandroid-x64 cache-miss
1149 http fetch GET 200 https://registry.npmjs.org/@esbuild%2fdarwin-x64 45ms (cache miss)
1150 silly packumentCache full:https://registry.npmjs.org/@esbuild%2fdarwin-x64 set size:undefined disposed:false
1151 silly fetch manifest @esbuild/freebsd-x64@0.28.2
1152 silly packumentCache full:https://registry.npmjs.org/@esbuild%2ffreebsd-x64 cache-miss
1153 http fetch GET 200 https://registry.npmjs.org/@esbuild%2fwin32-x64 46ms (cache miss)
1154 silly packumentCache full:https://registry.npmjs.org/@esbuild%2fwin32-x64 set size:undefined disposed:false
1155 silly fetch manifest @esbuild/linux-arm64@0.28.2
1156 silly packumentCache full:https://registry.npmjs.org/@esbuild%2flinux-arm64 cache-miss
1157 http fetch GET 200 https://registry.npmjs.org/@esbuild%2fnetbsd-x64 34ms (cache miss)
1158 silly packumentCache full:https://registry.npmjs.org/@esbuild%2fnetbsd-x64 set size:undefined disposed:false
1159 silly fetch manifest @esbuild/linux-ppc64@0.28.2
1160 silly packumentCache full:https://registry.npmjs.org/@esbuild%2flinux-ppc64 cache-miss
1161 http fetch GET 200 https://registry.npmjs.org/@esbuild%2fwin32-ia32 36ms (cache miss)
1162 silly packumentCache full:https://registry.npmjs.org/@esbuild%2fwin32-ia32 set size:undefined disposed:false
1163 silly fetch manifest @esbuild/linux-s390x@0.28.2
1164 silly packumentCache full:https://registry.npmjs.org/@esbuild%2flinux-s390x cache-miss
1165 http fetch GET 200 https://registry.npmjs.org/@esbuild%2fandroid-arm 41ms (cache miss)
1166 silly packumentCache full:https://registry.npmjs.org/@esbuild%2fandroid-arm set size:undefined disposed:false
1167 silly fetch manifest @esbuild/openbsd-x64@0.28.2
1168 silly packumentCache full:https://registry.npmjs.org/@esbuild%2fopenbsd-x64 cache-miss
1169 http fetch GET 200 https://registry.npmjs.org/@esbuild%2ffreebsd-x64 45ms (cache miss)
1170 silly packumentCache full:https://registry.npmjs.org/@esbuild%2ffreebsd-x64 set size:undefined disposed:false
1171 silly fetch manifest @esbuild/win32-arm64@0.28.2
1172 silly packumentCache full:https://registry.npmjs.org/@esbuild%2fwin32-arm64 cache-miss
1173 http fetch GET 200 https://registry.npmjs.org/@esbuild%2fandroid-x64 49ms (cache miss)
1174 silly packumentCache full:https://registry.npmjs.org/@esbuild%2fandroid-x64 set size:undefined disposed:false
1175 silly fetch manifest @esbuild/darwin-arm64@0.28.2
1176 silly packumentCache full:https://registry.npmjs.org/@esbuild%2fdarwin-arm64 cache-miss
1177 http fetch GET 200 https://registry.npmjs.org/@esbuild%2faix-ppc64 98ms (cache miss)
1178 silly packumentCache full:https://registry.npmjs.org/@esbuild%2faix-ppc64 set size:undefined disposed:false
1179 silly fetch manifest @esbuild/netbsd-arm64@0.28.2
1180 silly packumentCache full:https://registry.npmjs.org/@esbuild%2fnetbsd-arm64 cache-miss
1181 http fetch GET 200 https://registry.npmjs.org/@esbuild%2flinux-ppc64 32ms (cache miss)
1182 silly packumentCache full:https://registry.npmjs.org/@esbuild%2flinux-ppc64 set size:undefined disposed:false
1183 silly fetch manifest @esbuild/android-arm64@0.28.2
1184 silly packumentCache full:https://registry.npmjs.org/@esbuild%2fandroid-arm64 cache-miss
1185 http fetch GET 200 https://registry.npmjs.org/@esbuild%2flinux-s390x 32ms (cache miss)
1186 silly packumentCache full:https://registry.npmjs.org/@esbuild%2flinux-s390x set size:undefined disposed:false
1187 silly fetch manifest @esbuild/freebsd-arm64@0.28.2
1188 silly packumentCache full:https://registry.npmjs.org/@esbuild%2ffreebsd-arm64 cache-miss
1189 http fetch GET 200 https://registry.npmjs.org/@esbuild%2fopenbsd-x64 34ms (cache miss)
1190 silly packumentCache full:https://registry.npmjs.org/@esbuild%2fopenbsd-x64 set size:undefined disposed:false
1191 silly fetch manifest @esbuild/linux-loong64@0.28.2
1192 silly packumentCache full:https://registry.npmjs.org/@esbuild%2flinux-loong64 cache-miss
1193 http fetch GET 200 https://registry.npmjs.org/@esbuild%2fwin32-arm64 33ms (cache miss)
1194 silly packumentCache full:https://registry.npmjs.org/@esbuild%2fwin32-arm64 set size:undefined disposed:false
1195 silly fetch manifest @esbuild/linux-riscv64@0.28.2
1196 silly packumentCache full:https://registry.npmjs.org/@esbuild%2flinux-riscv64 cache-miss
1197 http fetch GET 200 https://registry.npmjs.org/@esbuild%2fdarwin-arm64 35ms (cache miss)
1198 silly packumentCache full:https://registry.npmjs.org/@esbuild%2fdarwin-arm64 set size:undefined disposed:false
1199 silly fetch manifest @esbuild/openbsd-arm64@0.28.2
1200 silly packumentCache full:https://registry.npmjs.org/@esbuild%2fopenbsd-arm64 cache-miss
1201 http fetch GET 200 https://registry.npmjs.org/@esbuild%2fandroid-arm64 35ms (cache miss)
1202 silly packumentCache full:https://registry.npmjs.org/@esbuild%2fandroid-arm64 set size:undefined disposed:false
1203 silly fetch manifest @esbuild/linux-mips64el@0.28.2
1204 silly packumentCache full:https://registry.npmjs.org/@esbuild%2flinux-mips64el cache-miss
1205 http fetch GET 200 https://registry.npmjs.org/@esbuild%2fnetbsd-arm64 52ms (cache miss)
1206 silly packumentCache full:https://registry.npmjs.org/@esbuild%2fnetbsd-arm64 set size:undefined disposed:false
1207 silly fetch manifest @esbuild/openharmony-arm64@0.28.2
1208 silly packumentCache full:https://registry.npmjs.org/@esbuild%2fopenharmony-arm64 cache-miss
1209 http fetch GET 200 https://registry.npmjs.org/@esbuild%2flinux-arm64 103ms (cache miss)
1210 silly packumentCache full:https://registry.npmjs.org/@esbuild%2flinux-arm64 set size:undefined disposed:false
1211 http fetch GET 200 https://registry.npmjs.org/@esbuild%2fopenbsd-arm64 29ms (cache miss)
1212 silly packumentCache full:https://registry.npmjs.org/@esbuild%2fopenbsd-arm64 set size:undefined disposed:false
1213 http fetch GET 200 https://registry.npmjs.org/@esbuild%2flinux-mips64el 35ms (cache miss)
1214 silly packumentCache full:https://registry.npmjs.org/@esbuild%2flinux-mips64el set size:undefined disposed:false
1215 http fetch GET 200 https://registry.npmjs.org/@esbuild%2flinux-loong64 78ms (cache miss)
1216 silly packumentCache full:https://registry.npmjs.org/@esbuild%2flinux-loong64 set size:undefined disposed:false
1217 http fetch GET 200 https://registry.npmjs.org/@esbuild%2ffreebsd-arm64 93ms (cache miss)
1218 silly packumentCache full:https://registry.npmjs.org/@esbuild%2ffreebsd-arm64 set size:undefined disposed:false
1219 http fetch GET 200 https://registry.npmjs.org/@esbuild%2flinux-riscv64 97ms (cache miss)
1220 silly packumentCache full:https://registry.npmjs.org/@esbuild%2flinux-riscv64 set size:undefined disposed:false
1221 http fetch GET 200 https://registry.npmjs.org/@esbuild%2fopenharmony-arm64 104ms (cache miss)
1222 silly packumentCache full:https://registry.npmjs.org/@esbuild%2fopenharmony-arm64 set size:undefined disposed:false
1223 silly placeDep ROOT @esbuild/aix-ppc64@0.28.2 OK for: esbuild@0.28.2 want: 0.28.2
1224 silly placeDep ROOT @esbuild/android-arm@0.28.2 OK for: esbuild@0.28.2 want: 0.28.2
1225 silly placeDep ROOT @esbuild/android-arm64@0.28.2 OK for: esbuild@0.28.2 want: 0.28.2
1226 silly placeDep ROOT @esbuild/android-x64@0.28.2 OK for: esbuild@0.28.2 want: 0.28.2
1227 silly placeDep ROOT @esbuild/darwin-arm64@0.28.2 OK for: esbuild@0.28.2 want: 0.28.2
1228 silly placeDep ROOT @esbuild/darwin-x64@0.28.2 OK for: esbuild@0.28.2 want: 0.28.2
1229 silly placeDep ROOT @esbuild/freebsd-arm64@0.28.2 OK for: esbuild@0.28.2 want: 0.28.2
1230 silly placeDep ROOT @esbuild/freebsd-x64@0.28.2 OK for: esbuild@0.28.2 want: 0.28.2
1231 silly placeDep ROOT @esbuild/linux-arm@0.28.2 OK for: esbuild@0.28.2 want: 0.28.2
1232 silly placeDep ROOT @esbuild/linux-arm64@0.28.2 OK for: esbuild@0.28.2 want: 0.28.2
1233 silly placeDep ROOT @esbuild/linux-ia32@0.28.2 OK for: esbuild@0.28.2 want: 0.28.2
1234 silly placeDep ROOT @esbuild/linux-loong64@0.28.2 OK for: esbuild@0.28.2 want: 0.28.2
1235 silly placeDep ROOT @esbuild/linux-mips64el@0.28.2 OK for: esbuild@0.28.2 want: 0.28.2
1236 silly placeDep ROOT @esbuild/linux-ppc64@0.28.2 OK for: esbuild@0.28.2 want: 0.28.2
1237 silly placeDep ROOT @esbuild/linux-riscv64@0.28.2 OK for: esbuild@0.28.2 want: 0.28.2
1238 silly placeDep ROOT @esbuild/linux-s390x@0.28.2 OK for: esbuild@0.28.2 want: 0.28.2
1239 silly placeDep ROOT @esbuild/linux-x64@0.28.2 OK for: esbuild@0.28.2 want: 0.28.2
1240 silly placeDep ROOT @esbuild/netbsd-arm64@0.28.2 OK for: esbuild@0.28.2 want: 0.28.2
1241 silly placeDep ROOT @esbuild/netbsd-x64@0.28.2 OK for: esbuild@0.28.2 want: 0.28.2
1242 silly placeDep ROOT @esbuild/openbsd-arm64@0.28.2 OK for: esbuild@0.28.2 want: 0.28.2
1243 silly placeDep ROOT @esbuild/openbsd-x64@0.28.2 OK for: esbuild@0.28.2 want: 0.28.2
1244 silly placeDep ROOT @esbuild/openharmony-arm64@0.28.2 OK for: esbuild@0.28.2 want: 0.28.2
1245 silly placeDep ROOT @esbuild/sunos-x64@0.28.2 OK for: esbuild@0.28.2 want: 0.28.2
1246 silly placeDep ROOT @esbuild/win32-arm64@0.28.2 OK for: esbuild@0.28.2 want: 0.28.2
1247 silly placeDep ROOT @esbuild/win32-ia32@0.28.2 OK for: esbuild@0.28.2 want: 0.28.2
1248 silly placeDep ROOT @esbuild/win32-x64@0.28.2 OK for: esbuild@0.28.2 want: 0.28.2
1249 silly placeDep ROOT media-typer@0.3.0 OK for: type-is@1.6.18 want: 0.3.0
1250 silly placeDep ROOT escalade@3.2.0 OK for: update-browserslist-db@1.3.1 want: ^3.2.0
1251 silly placeDep node_modules/vite esbuild@0.25.12 OK for: vite@6.4.3 want: ^0.25.0
1252 silly placeDep ROOT fdir@6.5.0 OK for: vite@6.4.3 want: ^6.4.4
1253 silly placeDep ROOT picomatch@4.0.5 OK for: vite@6.4.3 want: ^4.0.2
1254 silly placeDep ROOT postcss@8.5.26 OK for: vite@6.4.3 want: ^8.5.3
1255 silly placeDep ROOT rollup@4.62.4 OK for: vite@6.4.3 want: ^4.34.9
1256 silly placeDep ROOT tinyglobby@0.2.17 OK for: vite@6.4.3 want: ^0.2.13
1257 silly fetch manifest @esbuild/aix-ppc64@0.25.12
1258 silly packumentCache full:https://registry.npmjs.org/@esbuild%2faix-ppc64 cache-miss
1259 silly fetch manifest @esbuild/linux-arm@0.25.12
1260 silly packumentCache full:https://registry.npmjs.org/@esbuild%2flinux-arm cache-miss
1261 silly fetch manifest @esbuild/linux-x64@0.25.12
1262 silly packumentCache full:https://registry.npmjs.org/@esbuild%2flinux-x64 cache-miss
1263 silly fetch manifest @esbuild/sunos-x64@0.25.12
1264 silly packumentCache full:https://registry.npmjs.org/@esbuild%2fsunos-x64 cache-miss
1265 silly fetch manifest @esbuild/win32-x64@0.25.12
1266 silly packumentCache full:https://registry.npmjs.org/@esbuild%2fwin32-x64 cache-miss
1267 silly fetch manifest @esbuild/darwin-x64@0.25.12
1268 silly packumentCache full:https://registry.npmjs.org/@esbuild%2fdarwin-x64 cache-miss
1269 silly fetch manifest @esbuild/linux-ia32@0.25.12
1270 silly packumentCache full:https://registry.npmjs.org/@esbuild%2flinux-ia32 cache-miss
1271 http cache https://registry.npmjs.org/@esbuild%2faix-ppc64 3ms (cache hit)
1272 silly packumentCache full:https://registry.npmjs.org/@esbuild%2faix-ppc64 set size:67797 disposed:false
1273 silly fetch manifest @esbuild/netbsd-x64@0.25.12
1274 silly packumentCache full:https://registry.npmjs.org/@esbuild%2fnetbsd-x64 cache-miss
1275 http cache https://registry.npmjs.org/@esbuild%2flinux-arm 4ms (cache hit)
1276 silly packumentCache full:https://registry.npmjs.org/@esbuild%2flinux-arm set size:198596 disposed:false
1277 silly fetch manifest @esbuild/win32-ia32@0.25.12
1278 silly packumentCache full:https://registry.npmjs.org/@esbuild%2fwin32-ia32 cache-miss
1279 http cache https://registry.npmjs.org/@esbuild%2flinux-x64 4ms (cache hit)
1280 silly packumentCache full:https://registry.npmjs.org/@esbuild%2flinux-x64 set size:198942 disposed:false
1281 silly fetch manifest @esbuild/android-arm@0.25.12
1282 silly packumentCache full:https://registry.npmjs.org/@esbuild%2fandroid-arm cache-miss
1283 http cache https://registry.npmjs.org/@esbuild%2fdarwin-x64 5ms (cache hit)
1284 silly packumentCache full:https://registry.npmjs.org/@esbuild%2fdarwin-x64 set size:199670 disposed:false
1285 silly fetch manifest @esbuild/android-x64@0.25.12
1286 silly packumentCache full:https://registry.npmjs.org/@esbuild%2fandroid-x64 cache-miss
1287 http cache https://registry.npmjs.org/@esbuild%2fsunos-x64 6ms (cache hit)
1288 silly packumentCache full:https://registry.npmjs.org/@esbuild%2fsunos-x64 set size:199187 disposed:false
1289 silly fetch manifest @esbuild/freebsd-x64@0.25.12
1290 silly packumentCache full:https://registry.npmjs.org/@esbuild%2ffreebsd-x64 cache-miss
1291 http cache https://registry.npmjs.org/@esbuild%2flinux-ia32 7ms (cache hit)
1292 silly packumentCache full:https://registry.npmjs.org/@esbuild%2flinux-ia32 set size:199625 disposed:false
1293 silly fetch manifest @esbuild/linux-arm64@0.25.12
1294 silly packumentCache full:https://registry.npmjs.org/@esbuild%2flinux-arm64 cache-miss
1295 http cache https://registry.npmjs.org/@esbuild%2fwin32-x64 8ms (cache hit)
1296 silly packumentCache full:https://registry.npmjs.org/@esbuild%2fwin32-x64 set size:197540 disposed:false
1297 silly fetch manifest @esbuild/linux-ppc64@0.25.12
1298 silly packumentCache full:https://registry.npmjs.org/@esbuild%2flinux-ppc64 cache-miss
1299 http cache https://registry.npmjs.org/@esbuild%2fandroid-arm 5ms (cache hit)
1300 silly packumentCache full:https://registry.npmjs.org/@esbuild%2fandroid-arm set size:225217 disposed:false
1301 silly fetch manifest @esbuild/linux-s390x@0.25.12
1302 silly packumentCache full:https://registry.npmjs.org/@esbuild%2flinux-s390x cache-miss
1303 http cache https://registry.npmjs.org/@esbuild%2fandroid-x64 5ms (cache hit)
1304 silly packumentCache full:https://registry.npmjs.org/@esbuild%2fandroid-x64 set size:199017 disposed:false
1305 silly fetch manifest @esbuild/openbsd-x64@0.25.12
1306 silly packumentCache full:https://registry.npmjs.org/@esbuild%2fopenbsd-x64 cache-miss
1307 http cache https://registry.npmjs.org/@esbuild%2fwin32-ia32 8ms (cache hit)
1308 silly packumentCache full:https://registry.npmjs.org/@esbuild%2fwin32-ia32 set size:199854 disposed:false
1309 silly fetch manifest @esbuild/win32-arm64@0.25.12
1310 silly packumentCache full:https://registry.npmjs.org/@esbuild%2fwin32-arm64 cache-miss
1311 http cache https://registry.npmjs.org/@esbuild%2flinux-arm64 5ms (cache hit)
1312 silly packumentCache full:https://registry.npmjs.org/@esbuild%2flinux-arm64 set size:200773 disposed:false
1313 silly fetch manifest @esbuild/darwin-arm64@0.25.12
1314 silly packumentCache full:https://registry.npmjs.org/@esbuild%2fdarwin-arm64 cache-miss
1315 http cache https://registry.npmjs.org/@esbuild%2ffreebsd-x64 7ms (cache hit)
1316 silly packumentCache full:https://registry.npmjs.org/@esbuild%2ffreebsd-x64 set size:200565 disposed:false
1317 silly fetch manifest @esbuild/netbsd-arm64@0.25.12
1318 silly packumentCache full:https://registry.npmjs.org/@esbuild%2fnetbsd-arm64 cache-miss
1319 http cache https://registry.npmjs.org/@esbuild%2flinux-ppc64 7ms (cache hit)
1320 silly packumentCache full:https://registry.npmjs.org/@esbuild%2flinux-ppc64 set size:202845 disposed:false
1321 silly fetch manifest @esbuild/android-arm64@0.25.12
1322 silly packumentCache full:https://registry.npmjs.org/@esbuild%2fandroid-arm64 cache-miss
1323 http cache https://registry.npmjs.org/@esbuild%2fnetbsd-x64 13ms (cache hit)
1324 silly packumentCache full:https://registry.npmjs.org/@esbuild%2fnetbsd-x64 set size:197314 disposed:false
1325 silly fetch manifest @esbuild/freebsd-arm64@0.25.12
1326 silly packumentCache full:https://registry.npmjs.org/@esbuild%2ffreebsd-arm64 cache-miss
1327 http cache https://registry.npmjs.org/@esbuild%2flinux-s390x 7ms (cache hit)
1328 silly packumentCache full:https://registry.npmjs.org/@esbuild%2flinux-s390x set size:202310 disposed:false
1329 silly fetch manifest @esbuild/linux-loong64@0.25.12
1330 silly packumentCache full:https://registry.npmjs.org/@esbuild%2flinux-loong64 cache-miss
1331 http cache https://registry.npmjs.org/@esbuild%2fopenbsd-x64 7ms (cache hit)
1332 silly packumentCache full:https://registry.npmjs.org/@esbuild%2fopenbsd-x64 set size:200576 disposed:false
1333 silly fetch manifest @esbuild/linux-riscv64@0.25.12
1334 silly packumentCache full:https://registry.npmjs.org/@esbuild%2flinux-riscv64 cache-miss
1335 http cache https://registry.npmjs.org/@esbuild%2fnetbsd-arm64 5ms (cache hit)
1336 silly packumentCache full:https://registry.npmjs.org/@esbuild%2fnetbsd-arm64 set size:44308 disposed:false
1337 silly fetch manifest @esbuild/openbsd-arm64@0.25.12
1338 silly packumentCache full:https://registry.npmjs.org/@esbuild%2fopenbsd-arm64 cache-miss
1339 http cache https://registry.npmjs.org/@esbuild%2fdarwin-arm64 8ms (cache hit)
1340 silly packumentCache full:https://registry.npmjs.org/@esbuild%2fdarwin-arm64 set size:201471 disposed:false
1341 silly fetch manifest @esbuild/linux-mips64el@0.25.12
1342 silly packumentCache full:https://registry.npmjs.org/@esbuild%2flinux-mips64el cache-miss
1343 http cache https://registry.npmjs.org/@esbuild%2fwin32-arm64 9ms (cache hit)
1344 silly packumentCache full:https://registry.npmjs.org/@esbuild%2fwin32-arm64 set size:201005 disposed:false
1345 silly fetch manifest @esbuild/openharmony-arm64@0.25.12
1346 silly packumentCache full:https://registry.npmjs.org/@esbuild%2fopenharmony-arm64 cache-miss
1347 http cache https://registry.npmjs.org/@esbuild%2fandroid-arm64 8ms (cache hit)
1348 silly packumentCache full:https://registry.npmjs.org/@esbuild%2fandroid-arm64 set size:204216 disposed:false
1349 silly fetch manifest nanoid@^3.3.17
1350 silly packumentCache full:https://registry.npmjs.org/nanoid cache-miss
1351 http cache https://registry.npmjs.org/@esbuild%2ffreebsd-arm64 8ms (cache hit)
1352 silly packumentCache full:https://registry.npmjs.org/@esbuild%2ffreebsd-arm64 set size:202383 disposed:false
1353 silly fetch manifest source-map-js@^1.2.1
1354 silly packumentCache full:https://registry.npmjs.org/source-map-js cache-miss
1355 http cache https://registry.npmjs.org/@esbuild%2fopenbsd-arm64 7ms (cache hit)
1356 silly packumentCache full:https://registry.npmjs.org/@esbuild%2fopenbsd-arm64 set size:49642 disposed:false
1357 silly fetch manifest @types/estree@1.0.9
1358 silly packumentCache full:https://registry.npmjs.org/@types%2festree cache-miss
1359 http cache https://registry.npmjs.org/@esbuild%2flinux-mips64el 6ms (cache hit)
1360 silly packumentCache full:https://registry.npmjs.org/@esbuild%2flinux-mips64el set size:204633 disposed:false
1361 silly fetch manifest @rollup/rollup-darwin-x64@4.62.4
1362 silly packumentCache full:https://registry.npmjs.org/@rollup%2frollup-darwin-x64 cache-miss
1363 http cache https://registry.npmjs.org/@esbuild%2flinux-riscv64 11ms (cache hit)
1364 silly packumentCache full:https://registry.npmjs.org/@esbuild%2flinux-riscv64 set size:202512 disposed:false
1365 silly fetch manifest @rollup/rollup-freebsd-x64@4.62.4
1366 silly packumentCache full:https://registry.npmjs.org/@rollup%2frollup-freebsd-x64 cache-miss
1367 http cache https://registry.npmjs.org/@esbuild%2flinux-loong64 13ms (cache hit)
1368 silly packumentCache full:https://registry.npmjs.org/@esbuild%2flinux-loong64 set size:255749 disposed:false
1369 silly fetch manifest @rollup/rollup-openbsd-x64@4.62.4
1370 silly packumentCache full:https://registry.npmjs.org/@rollup%2frollup-openbsd-x64 cache-miss
1371 http cache https://registry.npmjs.org/@esbuild%2fopenharmony-arm64 13ms (cache hit)
1372 silly packumentCache full:https://registry.npmjs.org/@esbuild%2fopenharmony-arm64 set size:33054 disposed:false
1373 silly fetch manifest @napi-rs/lzma-linux-x64-gnu@1.5.1
1374 silly packumentCache full:https://registry.npmjs.org/@napi-rs%2flzma-linux-x64-gnu cache-miss
1375 http fetch GET 200 https://registry.npmjs.org/source-map-js 20ms (cache miss)
1376 silly packumentCache full:https://registry.npmjs.org/source-map-js set size:undefined disposed:false
1377 silly fetch manifest @rollup/rollup-darwin-arm64@4.62.4
1378 silly packumentCache full:https://registry.npmjs.org/@rollup%2frollup-darwin-arm64 cache-miss
1379 http fetch GET 200 https://registry.npmjs.org/@types%2festree 24ms (cache miss)
1380 silly packumentCache full:https://registry.npmjs.org/@types%2festree set size:undefined disposed:false
1381 silly fetch manifest @rollup/rollup-android-arm64@4.62.4
1382 silly packumentCache full:https://registry.npmjs.org/@rollup%2frollup-android-arm64 cache-miss
1383 http fetch GET 200 https://registry.npmjs.org/nanoid 35ms (cache miss)
1384 silly packumentCache full:https://registry.npmjs.org/nanoid set size:undefined disposed:false
1385 silly fetch manifest @rollup/rollup-freebsd-arm64@4.62.4
1386 silly packumentCache full:https://registry.npmjs.org/@rollup%2frollup-freebsd-arm64 cache-miss
1387 http fetch GET 200 https://registry.npmjs.org/@rollup%2frollup-openbsd-x64 34ms (cache miss)
1388 silly packumentCache full:https://registry.npmjs.org/@rollup%2frollup-openbsd-x64 set size:undefined disposed:false
1389 silly fetch manifest @rollup/rollup-linux-x64-gnu@4.62.4
1390 silly packumentCache full:https://registry.npmjs.org/@rollup%2frollup-linux-x64-gnu cache-miss
1391 http fetch GET 200 https://registry.npmjs.org/@rollup%2frollup-linux-x64-gnu 35ms (cache miss)
1392 silly packumentCache full:https://registry.npmjs.org/@rollup%2frollup-linux-x64-gnu set size:undefined disposed:false
1393 silly fetch manifest @rollup/rollup-win32-x64-gnu@4.62.4
1394 silly packumentCache full:https://registry.npmjs.org/@rollup%2frollup-win32-x64-gnu cache-miss
1395 http fetch GET 200 https://registry.npmjs.org/@rollup%2frollup-freebsd-x64 74ms (cache miss)
1396 silly packumentCache full:https://registry.npmjs.org/@rollup%2frollup-freebsd-x64 set size:undefined disposed:false
1397 silly fetch manifest @rollup/rollup-linux-x64-musl@4.62.4
1398 silly packumentCache full:https://registry.npmjs.org/@rollup%2frollup-linux-x64-musl cache-miss
1399 http fetch GET 200 https://registry.npmjs.org/@napi-rs%2flzma-linux-x64-gnu 88ms (cache miss)
1400 silly packumentCache full:https://registry.npmjs.org/@napi-rs%2flzma-linux-x64-gnu set size:undefined disposed:false
1401 silly fetch manifest @rollup/rollup-win32-x64-msvc@4.62.4
1402 silly packumentCache full:https://registry.npmjs.org/@rollup%2frollup-win32-x64-msvc cache-miss
1403 http fetch GET 200 https://registry.npmjs.org/@rollup%2frollup-darwin-x64 100ms (cache miss)
1404 silly packumentCache full:https://registry.npmjs.org/@rollup%2frollup-darwin-x64 set size:undefined disposed:false
1405 silly fetch manifest @rollup/rollup-linux-arm64-gnu@4.62.4
1406 silly packumentCache full:https://registry.npmjs.org/@rollup%2frollup-linux-arm64-gnu cache-miss
1407 http fetch GET 200 https://registry.npmjs.org/@rollup%2frollup-freebsd-arm64 74ms (cache miss)
1408 silly packumentCache full:https://registry.npmjs.org/@rollup%2frollup-freebsd-arm64 set size:undefined disposed:false
1409 silly fetch manifest @rollup/rollup-linux-ppc64-gnu@4.62.4
1410 silly packumentCache full:https://registry.npmjs.org/@rollup%2frollup-linux-ppc64-gnu cache-miss
1411 http fetch GET 200 https://registry.npmjs.org/@rollup%2frollup-win32-x64-gnu 31ms (cache miss)
1412 silly packumentCache full:https://registry.npmjs.org/@rollup%2frollup-win32-x64-gnu set size:undefined disposed:false
1413 silly fetch manifest @rollup/rollup-linux-s390x-gnu@4.62.4
1414 silly packumentCache full:https://registry.npmjs.org/@rollup%2frollup-linux-s390x-gnu cache-miss
1415 http fetch GET 200 https://registry.npmjs.org/@rollup%2frollup-darwin-arm64 118ms (cache miss)
1416 silly packumentCache full:https://registry.npmjs.org/@rollup%2frollup-darwin-arm64 set size:undefined disposed:false
1417 silly fetch manifest @rollup/rollup-win32-ia32-msvc@4.62.4
1418 silly packumentCache full:https://registry.npmjs.org/@rollup%2frollup-win32-ia32-msvc cache-miss
1419 http fetch GET 200 https://registry.npmjs.org/@rollup%2frollup-linux-ppc64-gnu 45ms (cache miss)
1420 silly packumentCache full:https://registry.npmjs.org/@rollup%2frollup-linux-ppc64-gnu set size:undefined disposed:false
1421 silly fetch manifest @rollup/rollup-android-arm-eabi@4.62.4
1422 silly packumentCache full:https://registry.npmjs.org/@rollup%2frollup-android-arm-eabi cache-miss
1423 http fetch GET 200 https://registry.npmjs.org/@rollup%2frollup-linux-x64-musl 96ms (cache miss)
1424 silly packumentCache full:https://registry.npmjs.org/@rollup%2frollup-linux-x64-musl set size:undefined disposed:false
1425 silly fetch manifest @rollup/rollup-linux-arm64-musl@4.62.4
1426 silly packumentCache full:https://registry.npmjs.org/@rollup%2frollup-linux-arm64-musl cache-miss
1427 http fetch GET 200 https://registry.npmjs.org/@rollup%2frollup-android-arm64 154ms (cache miss)
1428 silly packumentCache full:https://registry.npmjs.org/@rollup%2frollup-android-arm64 set size:undefined disposed:false
1429 silly fetch manifest @rollup/rollup-linux-ppc64-musl@4.62.4
1430 silly packumentCache full:https://registry.npmjs.org/@rollup%2frollup-linux-ppc64-musl cache-miss
1431 http fetch GET 200 https://registry.npmjs.org/@rollup%2frollup-win32-ia32-msvc 46ms (cache miss)
1432 silly packumentCache full:https://registry.npmjs.org/@rollup%2frollup-win32-ia32-msvc set size:undefined disposed:false
1433 silly fetch manifest @rollup/rollup-win32-arm64-msvc@4.62.4
1434 silly packumentCache full:https://registry.npmjs.org/@rollup%2frollup-win32-arm64-msvc cache-miss
1435 http fetch GET 200 https://registry.npmjs.org/@rollup%2frollup-linux-s390x-gnu 78ms (cache miss)
1436 silly packumentCache full:https://registry.npmjs.org/@rollup%2frollup-linux-s390x-gnu set size:undefined disposed:false
1437 silly fetch manifest @rollup/rollup-linux-loong64-gnu@4.62.4
1438 silly packumentCache full:https://registry.npmjs.org/@rollup%2frollup-linux-loong64-gnu cache-miss
1439 http fetch GET 200 https://registry.npmjs.org/@rollup%2frollup-linux-arm64-gnu 98ms (cache miss)
1440 silly packumentCache full:https://registry.npmjs.org/@rollup%2frollup-linux-arm64-gnu set size:undefined disposed:false
1441 silly fetch manifest @rollup/rollup-linux-riscv64-gnu@4.62.4
1442 silly packumentCache full:https://registry.npmjs.org/@rollup%2frollup-linux-riscv64-gnu cache-miss
1443 http fetch GET 200 https://registry.npmjs.org/@rollup%2frollup-win32-x64-msvc 106ms (cache miss)
1444 silly packumentCache full:https://registry.npmjs.org/@rollup%2frollup-win32-x64-msvc set size:undefined disposed:false
1445 silly fetch manifest @rollup/rollup-openharmony-arm64@4.62.4
1446 silly packumentCache full:https://registry.npmjs.org/@rollup%2frollup-openharmony-arm64 cache-miss
1447 http fetch GET 200 https://registry.npmjs.org/@rollup%2frollup-linux-arm64-musl 40ms (cache miss)
1448 silly packumentCache full:https://registry.npmjs.org/@rollup%2frollup-linux-arm64-musl set size:undefined disposed:false
1449 silly fetch manifest @rollup/rollup-linux-loong64-musl@4.62.4
1450 silly packumentCache full:https://registry.npmjs.org/@rollup%2frollup-linux-loong64-musl cache-miss
1451 http fetch GET 200 https://registry.npmjs.org/@rollup%2frollup-android-arm-eabi 76ms (cache miss)
1452 silly packumentCache full:https://registry.npmjs.org/@rollup%2frollup-android-arm-eabi set size:undefined disposed:false
1453 silly fetch manifest @rollup/rollup-linux-riscv64-musl@4.62.4
1454 silly packumentCache full:https://registry.npmjs.org/@rollup%2frollup-linux-riscv64-musl cache-miss
1455 http fetch GET 200 https://registry.npmjs.org/@rollup%2frollup-openharmony-arm64 33ms (cache miss)
1456 silly packumentCache full:https://registry.npmjs.org/@rollup%2frollup-openharmony-arm64 set size:undefined disposed:false
1457 silly fetch manifest @rollup/rollup-linux-arm-gnueabihf@4.62.4
1458 silly packumentCache full:https://registry.npmjs.org/@rollup%2frollup-linux-arm-gnueabihf cache-miss
1459 http fetch GET 200 https://registry.npmjs.org/@rollup%2frollup-linux-loong64-gnu 59ms (cache miss)
1460 silly packumentCache full:https://registry.npmjs.org/@rollup%2frollup-linux-loong64-gnu set size:undefined disposed:false
1461 silly fetch manifest @rollup/rollup-linux-arm-musleabihf@4.62.4
1462 silly packumentCache full:https://registry.npmjs.org/@rollup%2frollup-linux-arm-musleabihf cache-miss
1463 http fetch GET 200 https://registry.npmjs.org/@rollup%2frollup-win32-arm64-msvc 92ms (cache miss)
1464 silly packumentCache full:https://registry.npmjs.org/@rollup%2frollup-win32-arm64-msvc set size:undefined disposed:false
1465 http fetch GET 200 https://registry.npmjs.org/@rollup%2frollup-linux-ppc64-musl 97ms (cache miss)
1466 silly packumentCache full:https://registry.npmjs.org/@rollup%2frollup-linux-ppc64-musl set size:undefined disposed:false
1467 http fetch GET 200 https://registry.npmjs.org/@rollup%2frollup-linux-riscv64-gnu 78ms (cache miss)
1468 silly packumentCache full:https://registry.npmjs.org/@rollup%2frollup-linux-riscv64-gnu set size:undefined disposed:false
1469 http fetch GET 200 https://registry.npmjs.org/@rollup%2frollup-linux-loong64-musl 76ms (cache miss)
1470 silly packumentCache full:https://registry.npmjs.org/@rollup%2frollup-linux-loong64-musl set size:undefined disposed:false
1471 http fetch GET 200 https://registry.npmjs.org/@rollup%2frollup-linux-riscv64-musl 64ms (cache miss)
1472 silly packumentCache full:https://registry.npmjs.org/@rollup%2frollup-linux-riscv64-musl set size:undefined disposed:false
1473 http fetch GET 200 https://registry.npmjs.org/@rollup%2frollup-linux-arm-gnueabihf 71ms (cache miss)
1474 silly packumentCache full:https://registry.npmjs.org/@rollup%2frollup-linux-arm-gnueabihf set size:undefined disposed:false
1475 http fetch GET 200 https://registry.npmjs.org/@rollup%2frollup-linux-arm-musleabihf 126ms (cache miss)
1476 silly packumentCache full:https://registry.npmjs.org/@rollup%2frollup-linux-arm-musleabihf set size:undefined disposed:false
1477 silly placeDep ROOT nanoid@3.3.18 OK for: postcss@8.5.26 want: ^3.3.17
1478 silly placeDep ROOT source-map-js@1.2.1 OK for: postcss@8.5.26 want: ^1.2.1
1479 silly placeDep ROOT @napi-rs/lzma-linux-x64-gnu@1.5.1 OK for: rollup@4.62.4 want: 1.5.1
1480 silly placeDep ROOT @rollup/rollup-android-arm-eabi@4.62.4 OK for: rollup@4.62.4 want: 4.62.4
1481 silly placeDep ROOT @rollup/rollup-android-arm64@4.62.4 OK for: rollup@4.62.4 want: 4.62.4
1482 silly placeDep ROOT @rollup/rollup-darwin-arm64@4.62.4 OK for: rollup@4.62.4 want: 4.62.4
1483 silly placeDep ROOT @rollup/rollup-darwin-x64@4.62.4 OK for: rollup@4.62.4 want: 4.62.4
1484 silly placeDep ROOT @rollup/rollup-freebsd-arm64@4.62.4 OK for: rollup@4.62.4 want: 4.62.4
1485 silly placeDep ROOT @rollup/rollup-freebsd-x64@4.62.4 OK for: rollup@4.62.4 want: 4.62.4
1486 silly placeDep ROOT @rollup/rollup-linux-arm-gnueabihf@4.62.4 OK for: rollup@4.62.4 want: 4.62.4
1487 silly placeDep ROOT @rollup/rollup-linux-arm-musleabihf@4.62.4 OK for: rollup@4.62.4 want: 4.62.4
1488 silly placeDep ROOT @rollup/rollup-linux-arm64-gnu@4.62.4 OK for: rollup@4.62.4 want: 4.62.4
1489 silly placeDep ROOT @rollup/rollup-linux-arm64-musl@4.62.4 OK for: rollup@4.62.4 want: 4.62.4
1490 silly placeDep ROOT @rollup/rollup-linux-loong64-gnu@4.62.4 OK for: rollup@4.62.4 want: 4.62.4
1491 silly placeDep ROOT @rollup/rollup-linux-loong64-musl@4.62.4 OK for: rollup@4.62.4 want: 4.62.4
1492 silly placeDep ROOT @rollup/rollup-linux-ppc64-gnu@4.62.4 OK for: rollup@4.62.4 want: 4.62.4
1493 silly placeDep ROOT @rollup/rollup-linux-ppc64-musl@4.62.4 OK for: rollup@4.62.4 want: 4.62.4
1494 silly placeDep ROOT @rollup/rollup-linux-riscv64-gnu@4.62.4 OK for: rollup@4.62.4 want: 4.62.4
1495 silly placeDep ROOT @rollup/rollup-linux-riscv64-musl@4.62.4 OK for: rollup@4.62.4 want: 4.62.4
1496 silly placeDep ROOT @rollup/rollup-linux-s390x-gnu@4.62.4 OK for: rollup@4.62.4 want: 4.62.4
1497 silly placeDep ROOT @rollup/rollup-linux-x64-gnu@4.62.4 OK for: rollup@4.62.4 want: 4.62.4
1498 silly placeDep ROOT @rollup/rollup-linux-x64-musl@4.62.4 OK for: rollup@4.62.4 want: 4.62.4
1499 silly placeDep ROOT @rollup/rollup-openbsd-x64@4.62.4 OK for: rollup@4.62.4 want: 4.62.4
1500 silly placeDep ROOT @rollup/rollup-openharmony-arm64@4.62.4 OK for: rollup@4.62.4 want: 4.62.4
1501 silly placeDep ROOT @rollup/rollup-win32-arm64-msvc@4.62.4 OK for: rollup@4.62.4 want: 4.62.4
1502 silly placeDep ROOT @rollup/rollup-win32-ia32-msvc@4.62.4 OK for: rollup@4.62.4 want: 4.62.4
1503 silly placeDep ROOT @rollup/rollup-win32-x64-gnu@4.62.4 OK for: rollup@4.62.4 want: 4.62.4
1504 silly placeDep ROOT @rollup/rollup-win32-x64-msvc@4.62.4 OK for: rollup@4.62.4 want: 4.62.4
1505 silly placeDep ROOT @types/estree@1.0.9 OK for: rollup@4.62.4 want: 1.0.9
1506 silly placeDep ROOT @types/mime@1.3.5 OK for: @types/send@0.17.6 want: ^1
1507 silly placeDep node_modules/body-parser ms@2.0.0 OK for: debug@2.6.9 want: 2.0.0
1508 silly placeDep node_modules/express ms@2.0.0 OK for: debug@2.6.9 want: 2.0.0
1509 silly placeDep node_modules/finalhandler ms@2.0.0 OK for: debug@2.6.9 want: 2.0.0
1510 silly placeDep node_modules/send/node_modules/debug ms@2.0.0 OK for: debug@2.6.9 want: 2.0.0
1511 silly placeDep node_modules/vite @esbuild/aix-ppc64@0.25.12 OK for: esbuild@0.25.12 want: 0.25.12
1512 silly placeDep node_modules/vite @esbuild/android-arm@0.25.12 OK for: esbuild@0.25.12 want: 0.25.12
1513 silly placeDep node_modules/vite @esbuild/android-arm64@0.25.12 OK for: esbuild@0.25.12 want: 0.25.12
1514 silly placeDep node_modules/vite @esbuild/android-x64@0.25.12 OK for: esbuild@0.25.12 want: 0.25.12
1515 silly placeDep node_modules/vite @esbuild/darwin-arm64@0.25.12 OK for: esbuild@0.25.12 want: 0.25.12
1516 silly placeDep node_modules/vite @esbuild/darwin-x64@0.25.12 OK for: esbuild@0.25.12 want: 0.25.12
1517 silly placeDep node_modules/vite @esbuild/freebsd-arm64@0.25.12 OK for: esbuild@0.25.12 want: 0.25.12
1518 silly placeDep node_modules/vite @esbuild/freebsd-x64@0.25.12 OK for: esbuild@0.25.12 want: 0.25.12
1519 silly placeDep node_modules/vite @esbuild/linux-arm@0.25.12 OK for: esbuild@0.25.12 want: 0.25.12
1520 silly placeDep node_modules/vite @esbuild/linux-arm64@0.25.12 OK for: esbuild@0.25.12 want: 0.25.12
1521 silly placeDep node_modules/vite @esbuild/linux-ia32@0.25.12 OK for: esbuild@0.25.12 want: 0.25.12
1522 silly placeDep node_modules/vite @esbuild/linux-loong64@0.25.12 OK for: esbuild@0.25.12 want: 0.25.12
1523 silly placeDep node_modules/vite @esbuild/linux-mips64el@0.25.12 OK for: esbuild@0.25.12 want: 0.25.12
1524 silly placeDep node_modules/vite @esbuild/linux-ppc64@0.25.12 OK for: esbuild@0.25.12 want: 0.25.12
1525 silly placeDep node_modules/vite @esbuild/linux-riscv64@0.25.12 OK for: esbuild@0.25.12 want: 0.25.12
1526 silly placeDep node_modules/vite @esbuild/linux-s390x@0.25.12 OK for: esbuild@0.25.12 want: 0.25.12
1527 silly placeDep node_modules/vite @esbuild/linux-x64@0.25.12 OK for: esbuild@0.25.12 want: 0.25.12
1528 silly placeDep node_modules/vite @esbuild/netbsd-arm64@0.25.12 OK for: esbuild@0.25.12 want: 0.25.12
1529 silly placeDep node_modules/vite @esbuild/netbsd-x64@0.25.12 OK for: esbuild@0.25.12 want: 0.25.12
1530 silly placeDep node_modules/vite @esbuild/openbsd-arm64@0.25.12 OK for: esbuild@0.25.12 want: 0.25.12
1531 silly placeDep node_modules/vite @esbuild/openbsd-x64@0.25.12 OK for: esbuild@0.25.12 want: 0.25.12
1532 silly placeDep node_modules/vite @esbuild/openharmony-arm64@0.25.12 OK for: esbuild@0.25.12 want: 0.25.12
1533 silly placeDep node_modules/vite @esbuild/sunos-x64@0.25.12 OK for: esbuild@0.25.12 want: 0.25.12
1534 silly placeDep node_modules/vite @esbuild/win32-arm64@0.25.12 OK for: esbuild@0.25.12 want: 0.25.12
1535 silly placeDep node_modules/vite @esbuild/win32-ia32@0.25.12 OK for: esbuild@0.25.12 want: 0.25.12
1536 silly placeDep node_modules/vite @esbuild/win32-x64@0.25.12 OK for: esbuild@0.25.12 want: 0.25.12
1537 silly reify moves {}
1538 silly audit bulk request {
1538 silly audit   '@cantask/api': [ '1.0.0' ],
1538 silly audit   '@cantask/web': [ '1.0.0' ],
1538 silly audit   '@types/cors': [ '2.8.19' ],
1538 silly audit   '@types/express': [ '4.17.25' ],
1538 silly audit   '@types/node': [ '22.20.1' ],
1538 silly audit   'better-sqlite3': [ '11.10.0' ],
1538 silly audit   cors: [ '2.8.6' ],
1538 silly audit   express: [ '4.22.2' ],
1538 silly audit   tsx: [ '4.23.12' ],
1538 silly audit   typescript: [ '5.9.3' ],
1538 silly audit   zod: [ '3.25.76' ],
1538 silly audit   '@types/react': [ '18.3.31' ],
1538 silly audit   '@types/react-dom': [ '18.3.7' ],
1538 silly audit   '@vitejs/plugin-react': [ '4.7.0' ],
1538 silly audit   vite: [ '6.4.3' ],
1538 silly audit   react: [ '18.3.1' ],
1538 silly audit   'react-dom': [ '18.3.1' ],
1538 silly audit   'react-router-dom': [ '6.30.4' ],
1538 silly audit   '@types/body-parser': [ '1.19.6' ],
1538 silly audit   '@types/express-serve-static-core': [ '4.19.9' ],
1538 silly audit   '@types/qs': [ '6.15.1' ],
1538 silly audit   '@types/serve-static': [ '1.15.10' ],
1538 silly audit   '@types/connect': [ '3.4.38' ],
1538 silly audit   '@types/range-parser': [ '1.2.7' ],
1538 silly audit   '@types/send': [ '1.2.1', '0.17.6' ],
1538 silly audit   'undici-types': [ '6.21.0' ],
1538 silly audit   '@types/prop-types': [ '15.7.15' ],
1538 silly audit   csstype: [ '3.2.3' ],
1538 silly audit   '@types/http-errors': [ '2.0.5' ],
1538 silly audit   '@babel/core': [ '7.29.7' ],
1538 silly audit   '@babel/plugin-transform-react-jsx-self': [ '7.29.7' ],
1538 silly audit   '@babel/plugin-transform-react-jsx-source': [ '7.29.7' ],
1538 silly audit   '@rolldown/pluginutils': [ '1.0.0-beta.27' ],
1538 silly audit   '@types/babel__core': [ '7.20.5' ],
1538 silly audit   'react-refresh': [ '0.17.0' ],
1538 silly audit   '@babel/code-frame': [ '7.29.7' ],
1538 silly audit   '@babel/generator': [ '7.29.8' ],
1538 silly audit   '@babel/helper-compilation-targets': [ '7.29.7' ],
1538 silly audit   '@babel/helper-module-transforms': [ '7.29.7' ],
1538 silly audit   '@babel/helpers': [ '7.29.7' ],
1538 silly audit   '@babel/parser': [ '7.29.8' ],
1538 silly audit   '@babel/template': [ '7.29.7' ],
1538 silly audit   '@babel/traverse': [ '7.29.8' ],
1538 silly audit   '@babel/types': [ '7.29.8' ],
1538 silly audit   '@jridgewell/remapping': [ '2.3.5' ],
1538 silly audit   'convert-source-map': [ '2.0.0' ],
1538 silly audit   debug: [ '4.4.3', '2.6.9' ],
1538 silly audit   gensync: [ '1.0.0-beta.2' ],
1538 silly audit   json5: [ '2.2.3' ],
1538 silly audit   semver: [ '6.3.1', '7.8.5' ],
1538 silly audit   '@babel/helper-validator-identifier': [ '7.29.7' ],
1538 silly audit   'js-tokens': [ '4.0.0' ],
1538 silly audit   picocolors: [ '1.1.1' ],
1538 silly audit   '@jridgewell/gen-mapping': [ '0.3.13' ],
1538 silly audit   '@jridgewell/trace-mapping': [ '0.3.31' ],
1538 silly audit   jsesc: [ '3.1.0' ],
1538 silly audit   '@babel/compat-data': [ '7.29.7' ],
1538 silly audit   '@babel/helper-validator-option': [ '7.29.7' ],
1538 silly audit   browserslist: [ '4.28.8' ],
1538 silly audit   'lru-cache': [ '5.1.1' ],
1538 silly audit   '@babel/helper-module-imports': [ '7.29.7' ],
1538 silly audit   '@babel/helper-plugin-utils': [ '7.29.7' ],
1538 silly audit   '@babel/helper-globals': [ '7.29.7' ],
1538 silly audit   '@babel/helper-string-parser': [ '7.29.7' ],
1538 silly audit   '@jridgewell/sourcemap-codec': [ '1.5.5' ],
1538 silly audit   '@jridgewell/resolve-uri': [ '3.1.2' ],
1538 silly audit   '@types/babel__generator': [ '7.27.0' ],
1538 silly audit   '@types/babel__template': [ '7.4.4' ],
1538 silly audit   '@types/babel__traverse': [ '7.28.0' ],
1538 silly audit   bindings: [ '1.5.0' ],
1538 silly audit   'prebuild-install': [ '7.1.3' ],
1538 silly audit   'file-uri-to-path': [ '1.0.0' ],
1538 silly audit   'baseline-browser-mapping': [ '2.11.14' ],
1538 silly audit   'caniuse-lite': [ '1.0.30001809' ],
1538 silly audit   'electron-to-chromium': [ '1.5.407' ],
1538 silly audit   'node-releases': [ '2.0.53' ],
1538 silly audit   'update-browserslist-db': [ '1.3.1' ],
1538 silly audit   'object-assign': [ '4.1.1' ],
1538 silly audit   vary: [ '1.1.2' ],
1538 silly audit   ms: [ '2.1.3', '2.0.0' ],
1538 silly audit   accepts: [ '1.3.8' ],
1538 silly audit   'array-flatten': [ '1.1.1' ],
1538 silly audit   'body-parser': [ '1.20.6' ],
1538 silly audit   'content-disposition': [ '0.5.4' ],
1538 silly audit   'content-type': [ '1.0.5' ],
1538 silly audit   cookie: [ '0.7.2' ],
1538 silly audit   'cookie-signature': [ '1.0.7' ],
1538 silly audit   depd: [ '2.0.0' ],
1538 silly audit   encodeurl: [ '2.0.0' ],
1538 silly audit   'escape-html': [ '1.0.3' ],
1538 silly audit   etag: [ '1.8.1' ],
1538 silly audit   finalhandler: [ '1.3.2' ],
1538 silly audit   fresh: [ '0.5.2' ],
1538 silly audit   'http-errors': [ '2.0.1' ],
1538 silly audit   'merge-descriptors': [ '1.0.3' ],
1538 silly audit   methods: [ '1.1.2' ],
1538 silly audit   'on-finished': [ '2.4.1' ],
1538 silly audit   parseurl: [ '1.3.3' ],
1538 silly audit   'path-to-regexp': [ '0.1.13' ],
1538 silly audit   'proxy-addr': [ '2.0.7' ],
1538 silly audit   qs: [ '6.15.3' ],
1538 silly audit   'range-parser': [ '1.2.1' ],
1538 silly audit   'safe-buffer': [ '5.2.1' ],
1538 silly audit   send: [ '0.19.2' ],
1538 silly audit   'serve-static': [ '1.16.3' ],
1538 silly audit   setprototypeof: [ '1.2.0' ],
1538 silly audit   statuses: [ '2.0.2' ],
1538 silly audit   'type-is': [ '1.6.18' ],
1538 silly audit   'utils-merge': [ '1.0.1' ],
1538 silly audit   'mime-types': [ '2.1.35' ],
1538 silly audit   negotiator: [ '0.6.3' ],
1538 silly audit   bytes: [ '3.1.2' ],
1538 silly audit   destroy: [ '1.2.0' ],
1538 silly audit   'iconv-lite': [ '0.4.24' ],
1538 silly audit   'raw-body': [ '2.5.3' ],
1538 silly audit   unpipe: [ '1.0.0' ],
1538 silly audit   inherits: [ '2.0.4' ],
1538 silly audit   toidentifier: [ '1.0.1' ],
1538 silly audit   'safer-buffer': [ '2.1.2' ],
1538 silly audit   yallist: [ '3.1.1' ],
1538 silly audit   'mime-db': [ '1.52.0' ],
1538 silly audit   'ee-first': [ '1.1.1' ],
1538 silly audit   'detect-libc': [ '2.1.2' ],
1538 silly audit   'expand-template': [ '2.0.3' ],
1538 silly audit   'github-from-package': [ '0.0.0' ],
1538 silly audit   minimist: [ '1.2.8' ],
1538 silly audit   'mkdirp-classic': [ '0.5.3' ],
1538 silly audit   'napi-build-utils': [ '2.0.0' ],
1538 silly audit   'node-abi': [ '3.94.0' ],
1538 silly audit   pump: [ '3.0.4' ],
1538 silly audit   rc: [ '1.2.8' ],
1538 silly audit   'simple-get': [ '4.0.1' ],
1538 silly audit   'tar-fs': [ '2.1.5' ],
1538 silly audit   'tunnel-agent': [ '0.6.0' ],
1538 silly audit   forwarded: [ '0.2.0' ],
1538 silly audit   'ipaddr.js': [ '1.9.1' ],
1538 silly audit   'end-of-stream': [ '1.4.5' ],
1538 silly audit   once: [ '1.4.0' ],
1538 silly audit   wrappy: [ '1.0.2' ],
1538 silly audit   'es-define-property': [ '1.0.1' ],
1538 silly audit   'side-channel': [ '1.1.1' ],
1538 silly audit   'deep-extend': [ '0.6.0' ],
1538 silly audit   ini: [ '1.3.8' ],
1538 silly audit   'strip-json-comments': [ '2.0.1' ],
1538 silly audit   'loose-envify': [ '1.4.0' ],
1538 silly audit   scheduler: [ '0.23.2' ],
1538 silly audit   '@remix-run/router': [ '1.23.3' ],
1538 silly audit   'react-router': [ '6.30.4' ],
1538 silly audit   mime: [ '1.6.0' ],
1538 silly audit   'es-errors': [ '1.3.0' ],
1538 silly audit   'object-inspect': [ '1.13.4' ],
1538 silly audit   'side-channel-list': [ '1.0.1' ],
1538 silly audit   'side-channel-map': [ '1.0.1' ],
1538 silly audit   'side-channel-weakmap': [ '1.0.2' ],
1538 silly audit   'call-bound': [ '1.0.4' ],
1538 silly audit   'get-intrinsic': [ '1.3.0' ],
1538 silly audit   'call-bind-apply-helpers': [ '1.0.2' ],
1538 silly audit   'function-bind': [ '1.1.2' ],
1538 silly audit   'es-object-atoms': [ '1.1.2' ],
1538 silly audit   'get-proto': [ '1.0.1' ],
1538 silly audit   gopd: [ '1.2.0' ],
1538 silly audit   'has-symbols': [ '1.1.0' ],
1538 silly audit   hasown: [ '2.0.4' ],
1538 silly audit   'math-intrinsics': [ '1.1.0' ],
1538 silly audit   'dunder-proto': [ '1.0.1' ],
1538 silly audit   'decompress-response': [ '6.0.0' ],
1538 silly audit   'simple-concat': [ '1.0.1' ],
1538 silly audit   'mimic-response': [ '3.1.0' ],
1538 silly audit   chownr: [ '1.1.4' ],
1538 silly audit   'tar-stream': [ '2.2.0' ],
1538 silly audit   bl: [ '4.1.0' ],
1538 silly audit   'fs-constants': [ '1.0.0' ],
1538 silly audit   'readable-stream': [ '3.6.2' ],
1538 silly audit   buffer: [ '5.7.1' ],
1538 silly audit   'base64-js': [ '1.5.1' ],
1538 silly audit   ieee754: [ '1.2.1' ],
1538 silly audit   string_decoder: [ '1.3.0' ],
1538 silly audit   'util-deprecate': [ '1.0.2' ],
1538 silly audit   esbuild: [ '0.28.2', '0.25.12' ],
1538 silly audit   fsevents: [ '2.3.3' ],
1538 silly audit   '@esbuild/aix-ppc64': [ '0.28.2', '0.25.12' ],
1538 silly audit   '@esbuild/android-arm': [ '0.28.2', '0.25.12' ],
1538 silly audit   '@esbuild/android-arm64': [ '0.28.2', '0.25.12' ],
1538 silly audit   '@esbuild/android-x64': [ '0.28.2', '0.25.12' ],
1538 silly audit   '@esbuild/darwin-arm64': [ '0.28.2', '0.25.12' ],
1538 silly audit   '@esbuild/darwin-x64': [ '0.28.2', '0.25.12' ],
1538 silly audit   '@esbuild/freebsd-arm64': [ '0.28.2', '0.25.12' ],
1538 silly audit   '@esbuild/freebsd-x64': [ '0.28.2', '0.25.12' ],
1538 silly audit   '@esbuild/linux-arm': [ '0.28.2', '0.25.12' ],
1538 silly audit   '@esbuild/linux-arm64': [ '0.28.2', '0.25.12' ],
1538 silly audit   '@esbuild/linux-ia32': [ '0.28.2', '0.25.12' ],
1538 silly audit   '@esbuild/linux-loong64': [ '0.28.2', '0.25.12' ],
1538 silly audit   '@esbuild/linux-mips64el': [ '0.28.2', '0.25.12' ],
1538 silly audit   '@esbuild/linux-ppc64': [ '0.28.2', '0.25.12' ],
1538 silly audit   '@esbuild/linux-riscv64': [ '0.28.2', '0.25.12' ],
1538 silly audit   '@esbuild/linux-s390x': [ '0.28.2', '0.25.12' ],
1538 silly audit   '@esbuild/linux-x64': [ '0.28.2', '0.25.12' ],
1538 silly audit   '@esbuild/netbsd-arm64': [ '0.28.2', '0.25.12' ],
1538 silly audit   '@esbuild/netbsd-x64': [ '0.28.2', '0.25.12' ],
1538 silly audit   '@esbuild/openbsd-arm64': [ '0.28.2', '0.25.12' ],
1538 silly audit   '@esbuild/openbsd-x64': [ '0.28.2', '0.25.12' ],
1538 silly audit   '@esbuild/openharmony-arm64': [ '0.28.2', '0.25.12' ],
1538 silly audit   '@esbuild/sunos-x64': [ '0.28.2', '0.25.12' ],
1538 silly audit   '@esbuild/win32-arm64': [ '0.28.2', '0.25.12' ],
1538 silly audit   '@esbuild/win32-ia32': [ '0.28.2', '0.25.12' ],
1538 silly audit   '@esbuild/win32-x64': [ '0.28.2', '0.25.12' ],
1538 silly audit   'media-typer': [ '0.3.0' ],
1538 silly audit   escalade: [ '3.2.0' ],
1538 silly audit   fdir: [ '6.5.0' ],
1538 silly audit   picomatch: [ '4.0.5' ],
1538 silly audit   postcss: [ '8.5.26' ],
1538 silly audit   rollup: [ '4.62.4' ],
1538 silly audit   tinyglobby: [ '0.2.17' ],
1538 silly audit   nanoid: [ '3.3.18' ],
1538 silly audit   'source-map-js': [ '1.2.1' ],
1538 silly audit   '@napi-rs/lzma-linux-x64-gnu': [ '1.5.1' ],
1538 silly audit   '@rollup/rollup-android-arm-eabi': [ '4.62.4' ],
1538 silly audit   '@rollup/rollup-android-arm64': [ '4.62.4' ],
1538 silly audit   '@rollup/rollup-darwin-arm64': [ '4.62.4' ],
1538 silly audit   '@rollup/rollup-darwin-x64': [ '4.62.4' ],
1538 silly audit   '@rollup/rollup-freebsd-arm64': [ '4.62.4' ],
1538 silly audit   '@rollup/rollup-freebsd-x64': [ '4.62.4' ],
1538 silly audit   '@rollup/rollup-linux-arm-gnueabihf': [ '4.62.4' ],
1538 silly audit   '@rollup/rollup-linux-arm-musleabihf': [ '4.62.4' ],
1538 silly audit   '@rollup/rollup-linux-arm64-gnu': [ '4.62.4' ],
1538 silly audit   '@rollup/rollup-linux-arm64-musl': [ '4.62.4' ],
1538 silly audit   '@rollup/rollup-linux-loong64-gnu': [ '4.62.4' ],
1538 silly audit   '@rollup/rollup-linux-loong64-musl': [ '4.62.4' ],
1538 silly audit   '@rollup/rollup-linux-ppc64-gnu': [ '4.62.4' ],
1538 silly audit   '@rollup/rollup-linux-ppc64-musl': [ '4.62.4' ],
1538 silly audit   '@rollup/rollup-linux-riscv64-gnu': [ '4.62.4' ],
1538 silly audit   '@rollup/rollup-linux-riscv64-musl': [ '4.62.4' ],
1538 silly audit   '@rollup/rollup-linux-s390x-gnu': [ '4.62.4' ],
1538 silly audit   '@rollup/rollup-linux-x64-gnu': [ '4.62.4' ],
1538 silly audit   '@rollup/rollup-linux-x64-musl': [ '4.62.4' ],
1538 silly audit   '@rollup/rollup-openbsd-x64': [ '4.62.4' ],
1538 silly audit   '@rollup/rollup-openharmony-arm64': [ '4.62.4' ],
1538 silly audit   '@rollup/rollup-win32-arm64-msvc': [ '4.62.4' ],
1538 silly audit   '@rollup/rollup-win32-ia32-msvc': [ '4.62.4' ],
1538 silly audit   '@rollup/rollup-win32-x64-gnu': [ '4.62.4' ],
1538 silly audit   '@rollup/rollup-win32-x64-msvc': [ '4.62.4' ],
1538 silly audit   '@types/estree': [ '1.0.9' ],
1538 silly audit   '@types/mime': [ '1.3.5' ]
1538 silly audit }
1539 verbose reify failed optional dependency /Users/nivethaniruthayanathan/Code/Cantask/node_modules/@rollup/rollup-win32-x64-msvc
1540 silly reify mark deleted [
1540 silly reify   '/Users/nivethaniruthayanathan/Code/Cantask/node_modules/@rollup/rollup-win32-x64-msvc'
1540 silly reify ]
1541 verbose reify failed optional dependency /Users/nivethaniruthayanathan/Code/Cantask/node_modules/@rollup/rollup-win32-x64-gnu
1542 silly reify mark deleted [
1542 silly reify   '/Users/nivethaniruthayanathan/Code/Cantask/node_modules/@rollup/rollup-win32-x64-gnu'
1542 silly reify ]
1543 verbose reify failed optional dependency /Users/nivethaniruthayanathan/Code/Cantask/node_modules/@rollup/rollup-win32-ia32-msvc
1544 silly reify mark deleted [
1544 silly reify   '/Users/nivethaniruthayanathan/Code/Cantask/node_modules/@rollup/rollup-win32-ia32-msvc'
1544 silly reify ]
1545 verbose reify failed optional dependency /Users/nivethaniruthayanathan/Code/Cantask/node_modules/@rollup/rollup-win32-arm64-msvc
1546 silly reify mark deleted [
1546 silly reify   '/Users/nivethaniruthayanathan/Code/Cantask/node_modules/@rollup/rollup-win32-arm64-msvc'
1546 silly reify ]
1547 verbose reify failed optional dependency /Users/nivethaniruthayanathan/Code/Cantask/node_modules/@rollup/rollup-openharmony-arm64
1548 silly reify mark deleted [
1548 silly reify   '/Users/nivethaniruthayanathan/Code/Cantask/node_modules/@rollup/rollup-openharmony-arm64'
1548 silly reify ]
1549 verbose reify failed optional dependency /Users/nivethaniruthayanathan/Code/Cantask/node_modules/@rollup/rollup-openbsd-x64
1550 silly reify mark deleted [
1550 silly reify   '/Users/nivethaniruthayanathan/Code/Cantask/node_modules/@rollup/rollup-openbsd-x64'
1550 silly reify ]
1551 verbose reify failed optional dependency /Users/nivethaniruthayanathan/Code/Cantask/node_modules/@rollup/rollup-linux-x64-musl
1552 silly reify mark deleted [
1552 silly reify   '/Users/nivethaniruthayanathan/Code/Cantask/node_modules/@rollup/rollup-linux-x64-musl'
1552 silly reify ]
1553 verbose reify failed optional dependency /Users/nivethaniruthayanathan/Code/Cantask/node_modules/@rollup/rollup-linux-x64-gnu
1554 silly reify mark deleted [
1554 silly reify   '/Users/nivethaniruthayanathan/Code/Cantask/node_modules/@rollup/rollup-linux-x64-gnu'
1554 silly reify ]
1555 verbose reify failed optional dependency /Users/nivethaniruthayanathan/Code/Cantask/node_modules/@rollup/rollup-linux-s390x-gnu
1556 silly reify mark deleted [
1556 silly reify   '/Users/nivethaniruthayanathan/Code/Cantask/node_modules/@rollup/rollup-linux-s390x-gnu'
1556 silly reify ]
1557 verbose reify failed optional dependency /Users/nivethaniruthayanathan/Code/Cantask/node_modules/@rollup/rollup-linux-riscv64-musl
1558 silly reify mark deleted [
1558 silly reify   '/Users/nivethaniruthayanathan/Code/Cantask/node_modules/@rollup/rollup-linux-riscv64-musl'
1558 silly reify ]
1559 verbose reify failed optional dependency /Users/nivethaniruthayanathan/Code/Cantask/node_modules/@rollup/rollup-linux-riscv64-gnu
1560 silly reify mark deleted [
1560 silly reify   '/Users/nivethaniruthayanathan/Code/Cantask/node_modules/@rollup/rollup-linux-riscv64-gnu'
1560 silly reify ]
1561 verbose reify failed optional dependency /Users/nivethaniruthayanathan/Code/Cantask/node_modules/@rollup/rollup-linux-ppc64-musl
1562 silly reify mark deleted [
1562 silly reify   '/Users/nivethaniruthayanathan/Code/Cantask/node_modules/@rollup/rollup-linux-ppc64-musl'
1562 silly reify ]
1563 verbose reify failed optional dependency /Users/nivethaniruthayanathan/Code/Cantask/node_modules/@rollup/rollup-linux-ppc64-gnu
1564 silly reify mark deleted [
1564 silly reify   '/Users/nivethaniruthayanathan/Code/Cantask/node_modules/@rollup/rollup-linux-ppc64-gnu'
1564 silly reify ]
1565 verbose reify failed optional dependency /Users/nivethaniruthayanathan/Code/Cantask/node_modules/@rollup/rollup-linux-loong64-musl
1566 silly reify mark deleted [
1566 silly reify   '/Users/nivethaniruthayanathan/Code/Cantask/node_modules/@rollup/rollup-linux-loong64-musl'
1566 silly reify ]
1567 verbose reify failed optional dependency /Users/nivethaniruthayanathan/Code/Cantask/node_modules/@rollup/rollup-linux-loong64-gnu
1568 silly reify mark deleted [
1568 silly reify   '/Users/nivethaniruthayanathan/Code/Cantask/node_modules/@rollup/rollup-linux-loong64-gnu'
1568 silly reify ]
1569 verbose reify failed optional dependency /Users/nivethaniruthayanathan/Code/Cantask/node_modules/@rollup/rollup-linux-arm64-musl
1570 silly reify mark deleted [
1570 silly reify   '/Users/nivethaniruthayanathan/Code/Cantask/node_modules/@rollup/rollup-linux-arm64-musl'
1570 silly reify ]
1571 verbose reify failed optional dependency /Users/nivethaniruthayanathan/Code/Cantask/node_modules/@rollup/rollup-linux-arm64-gnu
1572 silly reify mark deleted [
1572 silly reify   '/Users/nivethaniruthayanathan/Code/Cantask/node_modules/@rollup/rollup-linux-arm64-gnu'
1572 silly reify ]
1573 verbose reify failed optional dependency /Users/nivethaniruthayanathan/Code/Cantask/node_modules/@rollup/rollup-linux-arm-musleabihf
1574 silly reify mark deleted [
1574 silly reify   '/Users/nivethaniruthayanathan/Code/Cantask/node_modules/@rollup/rollup-linux-arm-musleabihf'
1574 silly reify ]
1575 verbose reify failed optional dependency /Users/nivethaniruthayanathan/Code/Cantask/node_modules/@rollup/rollup-linux-arm-gnueabihf
1576 silly reify mark deleted [
1576 silly reify   '/Users/nivethaniruthayanathan/Code/Cantask/node_modules/@rollup/rollup-linux-arm-gnueabihf'
1576 silly reify ]
1577 verbose reify failed optional dependency /Users/nivethaniruthayanathan/Code/Cantask/node_modules/@rollup/rollup-freebsd-x64
1578 silly reify mark deleted [
1578 silly reify   '/Users/nivethaniruthayanathan/Code/Cantask/node_modules/@rollup/rollup-freebsd-x64'
1578 silly reify ]
1579 verbose reify failed optional dependency /Users/nivethaniruthayanathan/Code/Cantask/node_modules/@rollup/rollup-freebsd-arm64
1580 silly reify mark deleted [
1580 silly reify   '/Users/nivethaniruthayanathan/Code/Cantask/node_modules/@rollup/rollup-freebsd-arm64'
1580 silly reify ]
1581 verbose reify failed optional dependency /Users/nivethaniruthayanathan/Code/Cantask/node_modules/@rollup/rollup-darwin-x64
1582 silly reify mark deleted [
1582 silly reify   '/Users/nivethaniruthayanathan/Code/Cantask/node_modules/@rollup/rollup-darwin-x64'
1582 silly reify ]
1583 verbose reify failed optional dependency /Users/nivethaniruthayanathan/Code/Cantask/node_modules/@rollup/rollup-android-arm64
1584 silly reify mark deleted [
1584 silly reify   '/Users/nivethaniruthayanathan/Code/Cantask/node_modules/@rollup/rollup-android-arm64'
1584 silly reify ]
1585 verbose reify failed optional dependency /Users/nivethaniruthayanathan/Code/Cantask/node_modules/@rollup/rollup-android-arm-eabi
1586 silly reify mark deleted [
1586 silly reify   '/Users/nivethaniruthayanathan/Code/Cantask/node_modules/@rollup/rollup-android-arm-eabi'
1586 silly reify ]
1587 verbose reify failed optional dependency /Users/nivethaniruthayanathan/Code/Cantask/node_modules/@napi-rs/lzma-linux-x64-gnu
1588 silly reify mark deleted [
1588 silly reify   '/Users/nivethaniruthayanathan/Code/Cantask/node_modules/@napi-rs/lzma-linux-x64-gnu'
1588 silly reify ]
1589 verbose reify failed optional dependency /Users/nivethaniruthayanathan/Code/Cantask/node_modules/@esbuild/win32-x64
1590 silly reify mark deleted [
1590 silly reify   '/Users/nivethaniruthayanathan/Code/Cantask/node_modules/@esbuild/win32-x64'
1590 silly reify ]
1591 verbose reify failed optional dependency /Users/nivethaniruthayanathan/Code/Cantask/node_modules/@esbuild/win32-ia32
1592 silly reify mark deleted [
1592 silly reify   '/Users/nivethaniruthayanathan/Code/Cantask/node_modules/@esbuild/win32-ia32'
1592 silly reify ]
1593 verbose reify failed optional dependency /Users/nivethaniruthayanathan/Code/Cantask/node_modules/@esbuild/win32-arm64
1594 silly reify mark deleted [
1594 silly reify   '/Users/nivethaniruthayanathan/Code/Cantask/node_modules/@esbuild/win32-arm64'
1594 silly reify ]
1595 verbose reify failed optional dependency /Users/nivethaniruthayanathan/Code/Cantask/node_modules/@esbuild/sunos-x64
1596 silly reify mark deleted [
1596 silly reify   '/Users/nivethaniruthayanathan/Code/Cantask/node_modules/@esbuild/sunos-x64'
1596 silly reify ]
1597 verbose reify failed optional dependency /Users/nivethaniruthayanathan/Code/Cantask/node_modules/@esbuild/openharmony-arm64
1598 silly reify mark deleted [
1598 silly reify   '/Users/nivethaniruthayanathan/Code/Cantask/node_modules/@esbuild/openharmony-arm64'
1598 silly reify ]
1599 verbose reify failed optional dependency /Users/nivethaniruthayanathan/Code/Cantask/node_modules/@esbuild/openbsd-x64
1600 silly reify mark deleted [
1600 silly reify   '/Users/nivethaniruthayanathan/Code/Cantask/node_modules/@esbuild/openbsd-x64'
1600 silly reify ]
1601 verbose reify failed optional dependency /Users/nivethaniruthayanathan/Code/Cantask/node_modules/@esbuild/openbsd-arm64
1602 silly reify mark deleted [
1602 silly reify   '/Users/nivethaniruthayanathan/Code/Cantask/node_modules/@esbuild/openbsd-arm64'
1602 silly reify ]
1603 verbose reify failed optional dependency /Users/nivethaniruthayanathan/Code/Cantask/node_modules/@esbuild/netbsd-x64
1604 silly reify mark deleted [
1604 silly reify   '/Users/nivethaniruthayanathan/Code/Cantask/node_modules/@esbuild/netbsd-x64'
1604 silly reify ]
1605 verbose reify failed optional dependency /Users/nivethaniruthayanathan/Code/Cantask/node_modules/@esbuild/netbsd-arm64
1606 silly reify mark deleted [
1606 silly reify   '/Users/nivethaniruthayanathan/Code/Cantask/node_modules/@esbuild/netbsd-arm64'
1606 silly reify ]
1607 verbose reify failed optional dependency /Users/nivethaniruthayanathan/Code/Cantask/node_modules/@esbuild/linux-x64
1608 silly reify mark deleted [
1608 silly reify   '/Users/nivethaniruthayanathan/Code/Cantask/node_modules/@esbuild/linux-x64'
1608 silly reify ]
1609 verbose reify failed optional dependency /Users/nivethaniruthayanathan/Code/Cantask/node_modules/@esbuild/linux-s390x
1610 silly reify mark deleted [
1610 silly reify   '/Users/nivethaniruthayanathan/Code/Cantask/node_modules/@esbuild/linux-s390x'
1610 silly reify ]
1611 verbose reify failed optional dependency /Users/nivethaniruthayanathan/Code/Cantask/node_modules/@esbuild/linux-riscv64
1612 silly reify mark deleted [
1612 silly reify   '/Users/nivethaniruthayanathan/Code/Cantask/node_modules/@esbuild/linux-riscv64'
1612 silly reify ]
1613 verbose reify failed optional dependency /Users/nivethaniruthayanathan/Code/Cantask/node_modules/@esbuild/linux-ppc64
1614 silly reify mark deleted [
1614 silly reify   '/Users/nivethaniruthayanathan/Code/Cantask/node_modules/@esbuild/linux-ppc64'
1614 silly reify ]
1615 verbose reify failed optional dependency /Users/nivethaniruthayanathan/Code/Cantask/node_modules/@esbuild/linux-mips64el
1616 silly reify mark deleted [
1616 silly reify   '/Users/nivethaniruthayanathan/Code/Cantask/node_modules/@esbuild/linux-mips64el'
1616 silly reify ]
1617 verbose reify failed optional dependency /Users/nivethaniruthayanathan/Code/Cantask/node_modules/@esbuild/linux-loong64
1618 silly reify mark deleted [
1618 silly reify   '/Users/nivethaniruthayanathan/Code/Cantask/node_modules/@esbuild/linux-loong64'
1618 silly reify ]
1619 verbose reify failed optional dependency /Users/nivethaniruthayanathan/Code/Cantask/node_modules/@esbuild/linux-ia32
1620 silly reify mark deleted [
1620 silly reify   '/Users/nivethaniruthayanathan/Code/Cantask/node_modules/@esbuild/linux-ia32'
1620 silly reify ]
1621 verbose reify failed optional dependency /Users/nivethaniruthayanathan/Code/Cantask/node_modules/@esbuild/linux-arm64
1622 silly reify mark deleted [
1622 silly reify   '/Users/nivethaniruthayanathan/Code/Cantask/node_modules/@esbuild/linux-arm64'
1622 silly reify ]
1623 verbose reify failed optional dependency /Users/nivethaniruthayanathan/Code/Cantask/node_modules/@esbuild/linux-arm
1624 silly reify mark deleted [
1624 silly reify   '/Users/nivethaniruthayanathan/Code/Cantask/node_modules/@esbuild/linux-arm'
1624 silly reify ]
1625 verbose reify failed optional dependency /Users/nivethaniruthayanathan/Code/Cantask/node_modules/@esbuild/freebsd-x64
1626 silly reify mark deleted [
1626 silly reify   '/Users/nivethaniruthayanathan/Code/Cantask/node_modules/@esbuild/freebsd-x64'
1626 silly reify ]
1627 verbose reify failed optional dependency /Users/nivethaniruthayanathan/Code/Cantask/node_modules/@esbuild/freebsd-arm64
1628 silly reify mark deleted [
1628 silly reify   '/Users/nivethaniruthayanathan/Code/Cantask/node_modules/@esbuild/freebsd-arm64'
1628 silly reify ]
1629 verbose reify failed optional dependency /Users/nivethaniruthayanathan/Code/Cantask/node_modules/@esbuild/darwin-x64
1630 silly reify mark deleted [
1630 silly reify   '/Users/nivethaniruthayanathan/Code/Cantask/node_modules/@esbuild/darwin-x64'
1630 silly reify ]
1631 verbose reify failed optional dependency /Users/nivethaniruthayanathan/Code/Cantask/node_modules/@esbuild/android-x64
1632 silly reify mark deleted [
1632 silly reify   '/Users/nivethaniruthayanathan/Code/Cantask/node_modules/@esbuild/android-x64'
1632 silly reify ]
1633 verbose reify failed optional dependency /Users/nivethaniruthayanathan/Code/Cantask/node_modules/@esbuild/android-arm64
1634 silly reify mark deleted [
1634 silly reify   '/Users/nivethaniruthayanathan/Code/Cantask/node_modules/@esbuild/android-arm64'
1634 silly reify ]
1635 verbose reify failed optional dependency /Users/nivethaniruthayanathan/Code/Cantask/node_modules/@esbuild/android-arm
1636 silly reify mark deleted [
1636 silly reify   '/Users/nivethaniruthayanathan/Code/Cantask/node_modules/@esbuild/android-arm'
1636 silly reify ]
1637 verbose reify failed optional dependency /Users/nivethaniruthayanathan/Code/Cantask/node_modules/@esbuild/aix-ppc64
1638 silly reify mark deleted [
1638 silly reify   '/Users/nivethaniruthayanathan/Code/Cantask/node_modules/@esbuild/aix-ppc64'
1638 silly reify ]
1639 verbose reify failed optional dependency /Users/nivethaniruthayanathan/Code/Cantask/node_modules/vite/node_modules/@esbuild/win32-x64
1640 silly reify mark deleted [
1640 silly reify   '/Users/nivethaniruthayanathan/Code/Cantask/node_modules/vite/node_modules/@esbuild/win32-x64'
1640 silly reify ]
1641 verbose reify failed optional dependency /Users/nivethaniruthayanathan/Code/Cantask/node_modules/vite/node_modules/@esbuild/win32-ia32
1642 silly reify mark deleted [
1642 silly reify   '/Users/nivethaniruthayanathan/Code/Cantask/node_modules/vite/node_modules/@esbuild/win32-ia32'
1642 silly reify ]
1643 verbose reify failed optional dependency /Users/nivethaniruthayanathan/Code/Cantask/node_modules/vite/node_modules/@esbuild/win32-arm64
1644 silly reify mark deleted [
1644 silly reify   '/Users/nivethaniruthayanathan/Code/Cantask/node_modules/vite/node_modules/@esbuild/win32-arm64'
1644 silly reify ]
1645 verbose reify failed optional dependency /Users/nivethaniruthayanathan/Code/Cantask/node_modules/vite/node_modules/@esbuild/sunos-x64
1646 silly reify mark deleted [
1646 silly reify   '/Users/nivethaniruthayanathan/Code/Cantask/node_modules/vite/node_modules/@esbuild/sunos-x64'
1646 silly reify ]
1647 verbose reify failed optional dependency /Users/nivethaniruthayanathan/Code/Cantask/node_modules/vite/node_modules/@esbuild/openharmony-arm64
1648 silly reify mark deleted [
1648 silly reify   '/Users/nivethaniruthayanathan/Code/Cantask/node_modules/vite/node_modules/@esbuild/openharmony-arm64'
1648 silly reify ]
1649 verbose reify failed optional dependency /Users/nivethaniruthayanathan/Code/Cantask/node_modules/vite/node_modules/@esbuild/openbsd-x64
1650 silly reify mark deleted [
1650 silly reify   '/Users/nivethaniruthayanathan/Code/Cantask/node_modules/vite/node_modules/@esbuild/openbsd-x64'
1650 silly reify ]
1651 verbose reify failed optional dependency /Users/nivethaniruthayanathan/Code/Cantask/node_modules/vite/node_modules/@esbuild/openbsd-arm64
1652 silly reify mark deleted [
1652 silly reify   '/Users/nivethaniruthayanathan/Code/Cantask/node_modules/vite/node_modules/@esbuild/openbsd-arm64'
1652 silly reify ]
1653 verbose reify failed optional dependency /Users/nivethaniruthayanathan/Code/Cantask/node_modules/vite/node_modules/@esbuild/netbsd-x64
1654 silly reify mark deleted [
1654 silly reify   '/Users/nivethaniruthayanathan/Code/Cantask/node_modules/vite/node_modules/@esbuild/netbsd-x64'
1654 silly reify ]
1655 verbose reify failed optional dependency /Users/nivethaniruthayanathan/Code/Cantask/node_modules/vite/node_modules/@esbuild/netbsd-arm64
1656 silly reify mark deleted [
1656 silly reify   '/Users/nivethaniruthayanathan/Code/Cantask/node_modules/vite/node_modules/@esbuild/netbsd-arm64'
1656 silly reify ]
1657 verbose reify failed optional dependency /Users/nivethaniruthayanathan/Code/Cantask/node_modules/vite/node_modules/@esbuild/linux-x64
1658 silly reify mark deleted [
1658 silly reify   '/Users/nivethaniruthayanathan/Code/Cantask/node_modules/vite/node_modules/@esbuild/linux-x64'
1658 silly reify ]
1659 verbose reify failed optional dependency /Users/nivethaniruthayanathan/Code/Cantask/node_modules/vite/node_modules/@esbuild/linux-s390x
1660 silly reify mark deleted [
1660 silly reify   '/Users/nivethaniruthayanathan/Code/Cantask/node_modules/vite/node_modules/@esbuild/linux-s390x'
1660 silly reify ]
1661 verbose reify failed optional dependency /Users/nivethaniruthayanathan/Code/Cantask/node_modules/vite/node_modules/@esbuild/linux-riscv64
1662 silly reify mark deleted [
1662 silly reify   '/Users/nivethaniruthayanathan/Code/Cantask/node_modules/vite/node_modules/@esbuild/linux-riscv64'
1662 silly reify ]
1663 verbose reify failed optional dependency /Users/nivethaniruthayanathan/Code/Cantask/node_modules/vite/node_modules/@esbuild/linux-ppc64
1664 silly reify mark deleted [
1664 silly reify   '/Users/nivethaniruthayanathan/Code/Cantask/node_modules/vite/node_modules/@esbuild/linux-ppc64'
1664 silly reify ]
1665 verbose reify failed optional dependency /Users/nivethaniruthayanathan/Code/Cantask/node_modules/vite/node_modules/@esbuild/linux-mips64el
1666 silly reify mark deleted [
1666 silly reify   '/Users/nivethaniruthayanathan/Code/Cantask/node_modules/vite/node_modules/@esbuild/linux-mips64el'
1666 silly reify ]
1667 verbose reify failed optional dependency /Users/nivethaniruthayanathan/Code/Cantask/node_modules/vite/node_modules/@esbuild/linux-loong64
1668 silly reify mark deleted [
1668 silly reify   '/Users/nivethaniruthayanathan/Code/Cantask/node_modules/vite/node_modules/@esbuild/linux-loong64'
1668 silly reify ]
1669 verbose reify failed optional dependency /Users/nivethaniruthayanathan/Code/Cantask/node_modules/vite/node_modules/@esbuild/linux-ia32
1670 silly reify mark deleted [
1670 silly reify   '/Users/nivethaniruthayanathan/Code/Cantask/node_modules/vite/node_modules/@esbuild/linux-ia32'
1670 silly reify ]
1671 verbose reify failed optional dependency /Users/nivethaniruthayanathan/Code/Cantask/node_modules/vite/node_modules/@esbuild/linux-arm64
1672 silly reify mark deleted [
1672 silly reify   '/Users/nivethaniruthayanathan/Code/Cantask/node_modules/vite/node_modules/@esbuild/linux-arm64'
1672 silly reify ]
1673 verbose reify failed optional dependency /Users/nivethaniruthayanathan/Code/Cantask/node_modules/vite/node_modules/@esbuild/linux-arm
1674 silly reify mark deleted [
1674 silly reify   '/Users/nivethaniruthayanathan/Code/Cantask/node_modules/vite/node_modules/@esbuild/linux-arm'
1674 silly reify ]
1675 verbose reify failed optional dependency /Users/nivethaniruthayanathan/Code/Cantask/node_modules/vite/node_modules/@esbuild/freebsd-x64
1676 silly reify mark deleted [
1676 silly reify   '/Users/nivethaniruthayanathan/Code/Cantask/node_modules/vite/node_modules/@esbuild/freebsd-x64'
1676 silly reify ]
1677 verbose reify failed optional dependency /Users/nivethaniruthayanathan/Code/Cantask/node_modules/vite/node_modules/@esbuild/freebsd-arm64
1678 silly reify mark deleted [
1678 silly reify   '/Users/nivethaniruthayanathan/Code/Cantask/node_modules/vite/node_modules/@esbuild/freebsd-arm64'
1678 silly reify ]
1679 verbose reify failed optional dependency /Users/nivethaniruthayanathan/Code/Cantask/node_modules/vite/node_modules/@esbuild/darwin-x64
1680 silly reify mark deleted [
1680 silly reify   '/Users/nivethaniruthayanathan/Code/Cantask/node_modules/vite/node_modules/@esbuild/darwin-x64'
1680 silly reify ]
1681 verbose reify failed optional dependency /Users/nivethaniruthayanathan/Code/Cantask/node_modules/vite/node_modules/@esbuild/android-x64
1682 silly reify mark deleted [
1682 silly reify   '/Users/nivethaniruthayanathan/Code/Cantask/node_modules/vite/node_modules/@esbuild/android-x64'
1682 silly reify ]
1683 verbose reify failed optional dependency /Users/nivethaniruthayanathan/Code/Cantask/node_modules/vite/node_modules/@esbuild/android-arm64
1684 silly reify mark deleted [
1684 silly reify   '/Users/nivethaniruthayanathan/Code/Cantask/node_modules/vite/node_modules/@esbuild/android-arm64'
1684 silly reify ]
1685 verbose reify failed optional dependency /Users/nivethaniruthayanathan/Code/Cantask/node_modules/vite/node_modules/@esbuild/android-arm
1686 silly reify mark deleted [
1686 silly reify   '/Users/nivethaniruthayanathan/Code/Cantask/node_modules/vite/node_modules/@esbuild/android-arm'
1686 silly reify ]
1687 verbose reify failed optional dependency /Users/nivethaniruthayanathan/Code/Cantask/node_modules/vite/node_modules/@esbuild/aix-ppc64
1688 silly reify mark deleted [
1688 silly reify   '/Users/nivethaniruthayanathan/Code/Cantask/node_modules/vite/node_modules/@esbuild/aix-ppc64'
1688 silly reify ]
1689 http cache @types/mime@https://registry.npmjs.org/@types/mime/-/mime-1.3.5.tgz 0ms (cache hit)
1690 http cache @types/estree@https://registry.npmjs.org/@types/estree/-/estree-1.0.9.tgz 0ms (cache hit)
1691 http cache source-map-js@https://registry.npmjs.org/source-map-js/-/source-map-js-1.2.1.tgz 0ms (cache hit)
1692 http cache @rollup/rollup-darwin-arm64@https://registry.npmjs.org/@rollup/rollup-darwin-arm64/-/rollup-darwin-arm64-4.62.4.tgz 0ms (cache hit)
1693 http cache nanoid@https://registry.npmjs.org/nanoid/-/nanoid-3.3.18.tgz 0ms (cache hit)
1694 http cache tinyglobby@https://registry.npmjs.org/tinyglobby/-/tinyglobby-0.2.17.tgz 0ms (cache hit)
1695 http cache rollup@https://registry.npmjs.org/rollup/-/rollup-4.62.4.tgz 0ms (cache hit)
1696 http cache postcss@https://registry.npmjs.org/postcss/-/postcss-8.5.26.tgz 0ms (cache hit)
1697 http cache picomatch@https://registry.npmjs.org/picomatch/-/picomatch-4.0.5.tgz 0ms (cache hit)
1698 http cache fdir@https://registry.npmjs.org/fdir/-/fdir-6.5.0.tgz 0ms (cache hit)
1699 http cache escalade@https://registry.npmjs.org/escalade/-/escalade-3.2.0.tgz 0ms (cache hit)
1700 http cache media-typer@https://registry.npmjs.org/media-typer/-/media-typer-0.3.0.tgz 0ms (cache hit)
1701 http cache fsevents@https://registry.npmjs.org/fsevents/-/fsevents-2.3.3.tgz 0ms (cache hit)
1702 http cache esbuild@https://registry.npmjs.org/esbuild/-/esbuild-0.28.2.tgz 0ms (cache hit)
1703 http cache @esbuild/darwin-arm64@https://registry.npmjs.org/@esbuild/darwin-arm64/-/darwin-arm64-0.28.2.tgz 0ms (cache hit)
1704 http cache util-deprecate@https://registry.npmjs.org/util-deprecate/-/util-deprecate-1.0.2.tgz 0ms (cache hit)
1705 http cache string_decoder@https://registry.npmjs.org/string_decoder/-/string_decoder-1.3.0.tgz 0ms (cache hit)
1706 http cache ieee754@https://registry.npmjs.org/ieee754/-/ieee754-1.2.1.tgz 0ms (cache hit)
1707 http cache base64-js@https://registry.npmjs.org/base64-js/-/base64-js-1.5.1.tgz 0ms (cache hit)
1708 http cache buffer@https://registry.npmjs.org/buffer/-/buffer-5.7.1.tgz 0ms (cache hit)
1709 http cache readable-stream@https://registry.npmjs.org/readable-stream/-/readable-stream-3.6.2.tgz 0ms (cache hit)
1710 http cache fs-constants@https://registry.npmjs.org/fs-constants/-/fs-constants-1.0.0.tgz 0ms (cache hit)
1711 http cache bl@https://registry.npmjs.org/bl/-/bl-4.1.0.tgz 0ms (cache hit)
1712 http cache tar-stream@https://registry.npmjs.org/tar-stream/-/tar-stream-2.2.0.tgz 0ms (cache hit)
1713 http cache chownr@https://registry.npmjs.org/chownr/-/chownr-1.1.4.tgz 0ms (cache hit)
1714 http cache mimic-response@https://registry.npmjs.org/mimic-response/-/mimic-response-3.1.0.tgz 0ms (cache hit)
1715 http cache simple-concat@https://registry.npmjs.org/simple-concat/-/simple-concat-1.0.1.tgz 0ms (cache hit)
1716 http cache decompress-response@https://registry.npmjs.org/decompress-response/-/decompress-response-6.0.0.tgz 0ms (cache hit)
1717 http cache dunder-proto@https://registry.npmjs.org/dunder-proto/-/dunder-proto-1.0.1.tgz 0ms (cache hit)
1718 http cache math-intrinsics@https://registry.npmjs.org/math-intrinsics/-/math-intrinsics-1.1.0.tgz 0ms (cache hit)
1719 http cache hasown@https://registry.npmjs.org/hasown/-/hasown-2.0.4.tgz 0ms (cache hit)
1720 http cache has-symbols@https://registry.npmjs.org/has-symbols/-/has-symbols-1.1.0.tgz 0ms (cache hit)
1721 http cache gopd@https://registry.npmjs.org/gopd/-/gopd-1.2.0.tgz 0ms (cache hit)
1722 http cache get-proto@https://registry.npmjs.org/get-proto/-/get-proto-1.0.1.tgz 0ms (cache hit)
1723 http cache es-object-atoms@https://registry.npmjs.org/es-object-atoms/-/es-object-atoms-1.1.2.tgz 0ms (cache hit)
1724 http cache function-bind@https://registry.npmjs.org/function-bind/-/function-bind-1.1.2.tgz 0ms (cache hit)
1725 http cache call-bind-apply-helpers@https://registry.npmjs.org/call-bind-apply-helpers/-/call-bind-apply-helpers-1.0.2.tgz 0ms (cache hit)
1726 http cache get-intrinsic@https://registry.npmjs.org/get-intrinsic/-/get-intrinsic-1.3.0.tgz 0ms (cache hit)
1727 http cache call-bound@https://registry.npmjs.org/call-bound/-/call-bound-1.0.4.tgz 0ms (cache hit)
1728 http cache side-channel-weakmap@https://registry.npmjs.org/side-channel-weakmap/-/side-channel-weakmap-1.0.2.tgz 0ms (cache hit)
1729 http cache side-channel-map@https://registry.npmjs.org/side-channel-map/-/side-channel-map-1.0.1.tgz 0ms (cache hit)
1730 http cache side-channel-list@https://registry.npmjs.org/side-channel-list/-/side-channel-list-1.0.1.tgz 0ms (cache hit)
1731 http cache object-inspect@https://registry.npmjs.org/object-inspect/-/object-inspect-1.13.4.tgz 0ms (cache hit)
1732 http cache es-errors@https://registry.npmjs.org/es-errors/-/es-errors-1.3.0.tgz 0ms (cache hit)
1733 http cache mime@https://registry.npmjs.org/mime/-/mime-1.6.0.tgz 0ms (cache hit)
1734 http cache react-router@https://registry.npmjs.org/react-router/-/react-router-6.30.4.tgz 0ms (cache hit)
1735 http cache @remix-run/router@https://registry.npmjs.org/@remix-run/router/-/router-1.23.3.tgz 0ms (cache hit)
1736 http cache scheduler@https://registry.npmjs.org/scheduler/-/scheduler-0.23.2.tgz 0ms (cache hit)
1737 http cache loose-envify@https://registry.npmjs.org/loose-envify/-/loose-envify-1.4.0.tgz 0ms (cache hit)
1738 http cache strip-json-comments@https://registry.npmjs.org/strip-json-comments/-/strip-json-comments-2.0.1.tgz 0ms (cache hit)
1739 http cache ini@https://registry.npmjs.org/ini/-/ini-1.3.8.tgz 0ms (cache hit)
1740 http cache deep-extend@https://registry.npmjs.org/deep-extend/-/deep-extend-0.6.0.tgz 0ms (cache hit)
1741 http cache side-channel@https://registry.npmjs.org/side-channel/-/side-channel-1.1.1.tgz 0ms (cache hit)
1742 http cache es-define-property@https://registry.npmjs.org/es-define-property/-/es-define-property-1.0.1.tgz 0ms (cache hit)
1743 http cache once@https://registry.npmjs.org/once/-/once-1.4.0.tgz 0ms (cache hit)
1744 http cache end-of-stream@https://registry.npmjs.org/end-of-stream/-/end-of-stream-1.4.5.tgz 0ms (cache hit)
1745 http cache ipaddr.js@https://registry.npmjs.org/ipaddr.js/-/ipaddr.js-1.9.1.tgz 0ms (cache hit)
1746 http cache wrappy@https://registry.npmjs.org/wrappy/-/wrappy-1.0.2.tgz 0ms (cache hit)
1747 http cache forwarded@https://registry.npmjs.org/forwarded/-/forwarded-0.2.0.tgz 0ms (cache hit)
1748 http cache tunnel-agent@https://registry.npmjs.org/tunnel-agent/-/tunnel-agent-0.6.0.tgz 0ms (cache hit)
1749 http cache tar-fs@https://registry.npmjs.org/tar-fs/-/tar-fs-2.1.5.tgz 0ms (cache hit)
1750 http cache rc@https://registry.npmjs.org/rc/-/rc-1.2.8.tgz 0ms (cache hit)
1751 http cache simple-get@https://registry.npmjs.org/simple-get/-/simple-get-4.0.1.tgz 0ms (cache hit)
1752 http cache pump@https://registry.npmjs.org/pump/-/pump-3.0.4.tgz 0ms (cache hit)
1753 http cache napi-build-utils@https://registry.npmjs.org/napi-build-utils/-/napi-build-utils-2.0.0.tgz 0ms (cache hit)
1754 http cache node-abi@https://registry.npmjs.org/node-abi/-/node-abi-3.94.0.tgz 0ms (cache hit)
1755 http cache mkdirp-classic@https://registry.npmjs.org/mkdirp-classic/-/mkdirp-classic-0.5.3.tgz 0ms (cache hit)
1756 http cache minimist@https://registry.npmjs.org/minimist/-/minimist-1.2.8.tgz 0ms (cache hit)
1757 http cache github-from-package@https://registry.npmjs.org/github-from-package/-/github-from-package-0.0.0.tgz 0ms (cache hit)
1758 http cache expand-template@https://registry.npmjs.org/expand-template/-/expand-template-2.0.3.tgz 0ms (cache hit)
1759 http cache detect-libc@https://registry.npmjs.org/detect-libc/-/detect-libc-2.1.2.tgz 0ms (cache hit)
1760 http cache mime-db@https://registry.npmjs.org/mime-db/-/mime-db-1.52.0.tgz 0ms (cache hit)
1761 http cache ee-first@https://registry.npmjs.org/ee-first/-/ee-first-1.1.1.tgz 0ms (cache hit)
1762 http cache yallist@https://registry.npmjs.org/yallist/-/yallist-3.1.1.tgz 0ms (cache hit)
1763 http cache safer-buffer@https://registry.npmjs.org/safer-buffer/-/safer-buffer-2.1.2.tgz 0ms (cache hit)
1764 http cache toidentifier@https://registry.npmjs.org/toidentifier/-/toidentifier-1.0.1.tgz 0ms (cache hit)
1765 http cache inherits@https://registry.npmjs.org/inherits/-/inherits-2.0.4.tgz 0ms (cache hit)
1766 http cache unpipe@https://registry.npmjs.org/unpipe/-/unpipe-1.0.0.tgz 0ms (cache hit)
1767 http cache raw-body@https://registry.npmjs.org/raw-body/-/raw-body-2.5.3.tgz 0ms (cache hit)
1768 http cache iconv-lite@https://registry.npmjs.org/iconv-lite/-/iconv-lite-0.4.24.tgz 0ms (cache hit)
1769 http cache destroy@https://registry.npmjs.org/destroy/-/destroy-1.2.0.tgz 0ms (cache hit)
1770 http cache bytes@https://registry.npmjs.org/bytes/-/bytes-3.1.2.tgz 0ms (cache hit)
1771 http cache negotiator@https://registry.npmjs.org/negotiator/-/negotiator-0.6.3.tgz 0ms (cache hit)
1772 http cache mime-types@https://registry.npmjs.org/mime-types/-/mime-types-2.1.35.tgz 0ms (cache hit)
1773 http cache utils-merge@https://registry.npmjs.org/utils-merge/-/utils-merge-1.0.1.tgz 0ms (cache hit)
1774 http cache type-is@https://registry.npmjs.org/type-is/-/type-is-1.6.18.tgz 0ms (cache hit)
1775 http cache statuses@https://registry.npmjs.org/statuses/-/statuses-2.0.2.tgz 0ms (cache hit)
1776 http cache setprototypeof@https://registry.npmjs.org/setprototypeof/-/setprototypeof-1.2.0.tgz 0ms (cache hit)
1777 http cache serve-static@https://registry.npmjs.org/serve-static/-/serve-static-1.16.3.tgz 0ms (cache hit)
1778 http cache send@https://registry.npmjs.org/send/-/send-0.19.2.tgz 0ms (cache hit)
1779 http cache safe-buffer@https://registry.npmjs.org/safe-buffer/-/safe-buffer-5.2.1.tgz 0ms (cache hit)
1780 http cache range-parser@https://registry.npmjs.org/range-parser/-/range-parser-1.2.1.tgz 0ms (cache hit)
1781 http cache qs@https://registry.npmjs.org/qs/-/qs-6.15.3.tgz 0ms (cache hit)
1782 http cache proxy-addr@https://registry.npmjs.org/proxy-addr/-/proxy-addr-2.0.7.tgz 0ms (cache hit)
1783 http cache path-to-regexp@https://registry.npmjs.org/path-to-regexp/-/path-to-regexp-0.1.13.tgz 0ms (cache hit)
1784 http cache parseurl@https://registry.npmjs.org/parseurl/-/parseurl-1.3.3.tgz 0ms (cache hit)
1785 http cache on-finished@https://registry.npmjs.org/on-finished/-/on-finished-2.4.1.tgz 0ms (cache hit)
1786 http cache methods@https://registry.npmjs.org/methods/-/methods-1.1.2.tgz 0ms (cache hit)
1787 http cache merge-descriptors@https://registry.npmjs.org/merge-descriptors/-/merge-descriptors-1.0.3.tgz 0ms (cache hit)
1788 http cache http-errors@https://registry.npmjs.org/http-errors/-/http-errors-2.0.1.tgz 0ms (cache hit)
1789 http cache fresh@https://registry.npmjs.org/fresh/-/fresh-0.5.2.tgz 0ms (cache hit)
1790 http cache finalhandler@https://registry.npmjs.org/finalhandler/-/finalhandler-1.3.2.tgz 0ms (cache hit)
1791 http cache etag@https://registry.npmjs.org/etag/-/etag-1.8.1.tgz 0ms (cache hit)
1792 http cache encodeurl@https://registry.npmjs.org/encodeurl/-/encodeurl-2.0.0.tgz 0ms (cache hit)
1793 http cache escape-html@https://registry.npmjs.org/escape-html/-/escape-html-1.0.3.tgz 0ms (cache hit)
1794 http cache depd@https://registry.npmjs.org/depd/-/depd-2.0.0.tgz 0ms (cache hit)
1795 http cache cookie-signature@https://registry.npmjs.org/cookie-signature/-/cookie-signature-1.0.7.tgz 0ms (cache hit)
1796 http cache cookie@https://registry.npmjs.org/cookie/-/cookie-0.7.2.tgz 0ms (cache hit)
1797 http cache content-type@https://registry.npmjs.org/content-type/-/content-type-1.0.5.tgz 0ms (cache hit)
1798 http cache content-disposition@https://registry.npmjs.org/content-disposition/-/content-disposition-0.5.4.tgz 0ms (cache hit)
1799 http cache body-parser@https://registry.npmjs.org/body-parser/-/body-parser-1.20.6.tgz 0ms (cache hit)
1800 http cache array-flatten@https://registry.npmjs.org/array-flatten/-/array-flatten-1.1.1.tgz 0ms (cache hit)
1801 http cache accepts@https://registry.npmjs.org/accepts/-/accepts-1.3.8.tgz 0ms (cache hit)
1802 http cache ms@https://registry.npmjs.org/ms/-/ms-2.1.3.tgz 0ms (cache hit)
1803 http cache vary@https://registry.npmjs.org/vary/-/vary-1.1.2.tgz 0ms (cache hit)
1804 http cache object-assign@https://registry.npmjs.org/object-assign/-/object-assign-4.1.1.tgz 0ms (cache hit)
1805 http cache update-browserslist-db@https://registry.npmjs.org/update-browserslist-db/-/update-browserslist-db-1.3.1.tgz 0ms (cache hit)
1806 http cache node-releases@https://registry.npmjs.org/node-releases/-/node-releases-2.0.53.tgz 0ms (cache hit)
1807 http cache electron-to-chromium@https://registry.npmjs.org/electron-to-chromium/-/electron-to-chromium-1.5.407.tgz 0ms (cache hit)
1808 http cache caniuse-lite@https://registry.npmjs.org/caniuse-lite/-/caniuse-lite-1.0.30001809.tgz 0ms (cache hit)
1809 http cache baseline-browser-mapping@https://registry.npmjs.org/baseline-browser-mapping/-/baseline-browser-mapping-2.11.14.tgz 0ms (cache hit)
1810 http cache file-uri-to-path@https://registry.npmjs.org/file-uri-to-path/-/file-uri-to-path-1.0.0.tgz 0ms (cache hit)
1811 http cache prebuild-install@https://registry.npmjs.org/prebuild-install/-/prebuild-install-7.1.3.tgz 0ms (cache hit)
1812 http cache @types/babel__template@https://registry.npmjs.org/@types/babel__template/-/babel__template-7.4.4.tgz 0ms (cache hit)
1813 http cache bindings@https://registry.npmjs.org/bindings/-/bindings-1.5.0.tgz 0ms (cache hit)
1814 http cache @jridgewell/resolve-uri@https://registry.npmjs.org/@jridgewell/resolve-uri/-/resolve-uri-3.1.2.tgz 0ms (cache hit)
1815 http cache @jridgewell/sourcemap-codec@https://registry.npmjs.org/@jridgewell/sourcemap-codec/-/sourcemap-codec-1.5.5.tgz 0ms (cache hit)
1816 http cache @types/babel__traverse@https://registry.npmjs.org/@types/babel__traverse/-/babel__traverse-7.28.0.tgz 0ms (cache hit)
1817 http cache @babel/helper-globals@https://registry.npmjs.org/@babel/helper-globals/-/helper-globals-7.29.7.tgz 0ms (cache hit)
1818 http cache @types/babel__generator@https://registry.npmjs.org/@types/babel__generator/-/babel__generator-7.27.0.tgz 0ms (cache hit)
1819 http cache @babel/helper-string-parser@https://registry.npmjs.org/@babel/helper-string-parser/-/helper-string-parser-7.29.7.tgz 0ms (cache hit)
1820 http cache @babel/helper-plugin-utils@https://registry.npmjs.org/@babel/helper-plugin-utils/-/helper-plugin-utils-7.29.7.tgz 0ms (cache hit)
1821 http cache @babel/helper-module-imports@https://registry.npmjs.org/@babel/helper-module-imports/-/helper-module-imports-7.29.7.tgz 0ms (cache hit)
1822 http cache lru-cache@https://registry.npmjs.org/lru-cache/-/lru-cache-5.1.1.tgz 0ms (cache hit)
1823 http cache browserslist@https://registry.npmjs.org/browserslist/-/browserslist-4.28.8.tgz 0ms (cache hit)
1824 http cache @babel/helper-validator-option@https://registry.npmjs.org/@babel/helper-validator-option/-/helper-validator-option-7.29.7.tgz 0ms (cache hit)
1825 http cache @babel/compat-data@https://registry.npmjs.org/@babel/compat-data/-/compat-data-7.29.7.tgz 0ms (cache hit)
1826 http cache jsesc@https://registry.npmjs.org/jsesc/-/jsesc-3.1.0.tgz 0ms (cache hit)
1827 http cache @jridgewell/trace-mapping@https://registry.npmjs.org/@jridgewell/trace-mapping/-/trace-mapping-0.3.31.tgz 0ms (cache hit)
1828 http cache @jridgewell/gen-mapping@https://registry.npmjs.org/@jridgewell/gen-mapping/-/gen-mapping-0.3.13.tgz 0ms (cache hit)
1829 http cache picocolors@https://registry.npmjs.org/picocolors/-/picocolors-1.1.1.tgz 0ms (cache hit)
1830 http cache js-tokens@https://registry.npmjs.org/js-tokens/-/js-tokens-4.0.0.tgz 0ms (cache hit)
1831 http cache semver@https://registry.npmjs.org/semver/-/semver-6.3.1.tgz 0ms (cache hit)
1832 http cache @babel/helper-validator-identifier@https://registry.npmjs.org/@babel/helper-validator-identifier/-/helper-validator-identifier-7.29.7.tgz 0ms (cache hit)
1833 http cache json5@https://registry.npmjs.org/json5/-/json5-2.2.3.tgz 0ms (cache hit)
1834 http cache gensync@https://registry.npmjs.org/gensync/-/gensync-1.0.0-beta.2.tgz 0ms (cache hit)
1835 http cache debug@https://registry.npmjs.org/debug/-/debug-4.4.3.tgz 0ms (cache hit)
1836 http cache convert-source-map@https://registry.npmjs.org/convert-source-map/-/convert-source-map-2.0.0.tgz 0ms (cache hit)
1837 http cache @jridgewell/remapping@https://registry.npmjs.org/@jridgewell/remapping/-/remapping-2.3.5.tgz 0ms (cache hit)
1838 http cache @babel/types@https://registry.npmjs.org/@babel/types/-/types-7.29.8.tgz 0ms (cache hit)
1839 http cache @babel/traverse@https://registry.npmjs.org/@babel/traverse/-/traverse-7.29.8.tgz 0ms (cache hit)
1840 http cache @babel/template@https://registry.npmjs.org/@babel/template/-/template-7.29.7.tgz 0ms (cache hit)
1841 http cache @babel/parser@https://registry.npmjs.org/@babel/parser/-/parser-7.29.8.tgz 0ms (cache hit)
1842 http cache @babel/helpers@https://registry.npmjs.org/@babel/helpers/-/helpers-7.29.7.tgz 0ms (cache hit)
1843 http cache @babel/helper-module-transforms@https://registry.npmjs.org/@babel/helper-module-transforms/-/helper-module-transforms-7.29.7.tgz 0ms (cache hit)
1844 http cache @babel/helper-compilation-targets@https://registry.npmjs.org/@babel/helper-compilation-targets/-/helper-compilation-targets-7.29.7.tgz 0ms (cache hit)
1845 http cache @babel/generator@https://registry.npmjs.org/@babel/generator/-/generator-7.29.8.tgz 0ms (cache hit)
1846 http cache @babel/code-frame@https://registry.npmjs.org/@babel/code-frame/-/code-frame-7.29.7.tgz 0ms (cache hit)
1847 http cache react-refresh@https://registry.npmjs.org/react-refresh/-/react-refresh-0.17.0.tgz 0ms (cache hit)
1848 http cache @types/babel__core@https://registry.npmjs.org/@types/babel__core/-/babel__core-7.20.5.tgz 0ms (cache hit)
1849 http cache @rolldown/pluginutils@https://registry.npmjs.org/@rolldown/pluginutils/-/pluginutils-1.0.0-beta.27.tgz 0ms (cache hit)
1850 http cache @babel/plugin-transform-react-jsx-source@https://registry.npmjs.org/@babel/plugin-transform-react-jsx-source/-/plugin-transform-react-jsx-source-7.29.7.tgz 0ms (cache hit)
1851 http cache @babel/plugin-transform-react-jsx-self@https://registry.npmjs.org/@babel/plugin-transform-react-jsx-self/-/plugin-transform-react-jsx-self-7.29.7.tgz 0ms (cache hit)
1852 http cache @babel/core@https://registry.npmjs.org/@babel/core/-/core-7.29.7.tgz 0ms (cache hit)
1853 http cache undici-types@https://registry.npmjs.org/undici-types/-/undici-types-6.21.0.tgz 0ms (cache hit)
1854 http cache @types/send@https://registry.npmjs.org/@types/send/-/send-1.2.1.tgz 0ms (cache hit)
1855 http cache @types/prop-types@https://registry.npmjs.org/@types/prop-types/-/prop-types-15.7.15.tgz 0ms (cache hit)
1856 http cache @types/range-parser@https://registry.npmjs.org/@types/range-parser/-/range-parser-1.2.7.tgz 0ms (cache hit)
1857 http cache @types/connect@https://registry.npmjs.org/@types/connect/-/connect-3.4.38.tgz 0ms (cache hit)
1858 http cache @types/serve-static@https://registry.npmjs.org/@types/serve-static/-/serve-static-1.15.10.tgz 0ms (cache hit)
1859 http cache @types/qs@https://registry.npmjs.org/@types/qs/-/qs-6.15.1.tgz 0ms (cache hit)
1860 http cache @types/http-errors@https://registry.npmjs.org/@types/http-errors/-/http-errors-2.0.5.tgz 0ms (cache hit)
1861 http cache @types/express-serve-static-core@https://registry.npmjs.org/@types/express-serve-static-core/-/express-serve-static-core-4.19.9.tgz 0ms (cache hit)
1862 http cache csstype@https://registry.npmjs.org/csstype/-/csstype-3.2.3.tgz 0ms (cache hit)
1863 http cache @types/body-parser@https://registry.npmjs.org/@types/body-parser/-/body-parser-1.19.6.tgz 0ms (cache hit)
1864 http cache react-dom@https://registry.npmjs.org/react-dom/-/react-dom-18.3.1.tgz 0ms (cache hit)
1865 http cache vite@https://registry.npmjs.org/vite/-/vite-6.4.3.tgz 0ms (cache hit)
1866 http cache react-router-dom@https://registry.npmjs.org/react-router-dom/-/react-router-dom-6.30.4.tgz 0ms (cache hit)
1867 http cache @types/react-dom@https://registry.npmjs.org/@types/react-dom/-/react-dom-18.3.7.tgz 0ms (cache hit)
1868 http cache @types/react@https://registry.npmjs.org/@types/react/-/react-18.3.31.tgz 0ms (cache hit)
1869 http cache typescript@https://registry.npmjs.org/typescript/-/typescript-5.9.3.tgz 0ms (cache hit)
1870 http cache react@https://registry.npmjs.org/react/-/react-18.3.1.tgz 0ms (cache hit)
1871 http cache tsx@https://registry.npmjs.org/tsx/-/tsx-4.23.12.tgz 0ms (cache hit)
1872 http cache zod@https://registry.npmjs.org/zod/-/zod-3.25.76.tgz 0ms (cache hit)
1873 http cache express@https://registry.npmjs.org/express/-/express-4.22.2.tgz 0ms (cache hit)
1874 http cache cors@https://registry.npmjs.org/cors/-/cors-2.8.6.tgz 0ms (cache hit)
1875 http cache @types/node@https://registry.npmjs.org/@types/node/-/node-22.20.1.tgz 0ms (cache hit)
1876 http cache better-sqlite3@https://registry.npmjs.org/better-sqlite3/-/better-sqlite3-11.10.0.tgz 0ms (cache hit)
1877 http cache @types/express@https://registry.npmjs.org/@types/express/-/express-4.17.25.tgz 0ms (cache hit)
1878 http cache @vitejs/plugin-react@https://registry.npmjs.org/@vitejs/plugin-react/-/plugin-react-4.7.0.tgz 0ms (cache hit)
1879 http cache semver@https://registry.npmjs.org/semver/-/semver-7.8.5.tgz 0ms (cache hit)
1880 http cache @types/cors@https://registry.npmjs.org/@types/cors/-/cors-2.8.19.tgz 0ms (cache hit)
1881 http cache ms@https://registry.npmjs.org/ms/-/ms-2.0.0.tgz 0ms (cache hit)
1882 http cache debug@https://registry.npmjs.org/debug/-/debug-2.6.9.tgz 0ms (cache hit)
1883 http cache debug@https://registry.npmjs.org/debug/-/debug-2.6.9.tgz 0ms (cache hit)
1884 http cache ms@https://registry.npmjs.org/ms/-/ms-2.0.0.tgz 0ms (cache hit)
1885 http cache ms@https://registry.npmjs.org/ms/-/ms-2.0.0.tgz 0ms (cache hit)
1886 http cache @types/send@https://registry.npmjs.org/@types/send/-/send-0.17.6.tgz 0ms (cache hit)
1887 http cache debug@https://registry.npmjs.org/debug/-/debug-2.6.9.tgz 0ms (cache hit)
1888 http cache esbuild@https://registry.npmjs.org/esbuild/-/esbuild-0.25.12.tgz 0ms (cache hit)
1889 http cache @esbuild/darwin-arm64@https://registry.npmjs.org/@esbuild/darwin-arm64/-/darwin-arm64-0.25.12.tgz 0ms (cache hit)
1890 http cache debug@https://registry.npmjs.org/debug/-/debug-2.6.9.tgz 0ms (cache hit)
1891 http cache ms@https://registry.npmjs.org/ms/-/ms-2.0.0.tgz 0ms (cache hit)
1892 silly tarball no local data for @types/mime@https://registry.npmjs.org/@types/mime/-/mime-1.3.5.tgz. Extracting by manifest.
1893 silly tarball no local data for @types/estree@https://registry.npmjs.org/@types/estree/-/estree-1.0.9.tgz. Extracting by manifest.
1894 silly tarball no local data for source-map-js@https://registry.npmjs.org/source-map-js/-/source-map-js-1.2.1.tgz. Extracting by manifest.
1895 silly tarball no local data for @rollup/rollup-darwin-arm64@https://registry.npmjs.org/@rollup/rollup-darwin-arm64/-/rollup-darwin-arm64-4.62.4.tgz. Extracting by manifest.
1896 silly tarball no local data for nanoid@https://registry.npmjs.org/nanoid/-/nanoid-3.3.18.tgz. Extracting by manifest.
1897 silly tarball no local data for tinyglobby@https://registry.npmjs.org/tinyglobby/-/tinyglobby-0.2.17.tgz. Extracting by manifest.
1898 silly tarball no local data for rollup@https://registry.npmjs.org/rollup/-/rollup-4.62.4.tgz. Extracting by manifest.
1899 silly tarball no local data for postcss@https://registry.npmjs.org/postcss/-/postcss-8.5.26.tgz. Extracting by manifest.
1900 silly tarball no local data for picomatch@https://registry.npmjs.org/picomatch/-/picomatch-4.0.5.tgz. Extracting by manifest.
1901 silly tarball no local data for fdir@https://registry.npmjs.org/fdir/-/fdir-6.5.0.tgz. Extracting by manifest.
1902 silly tarball no local data for escalade@https://registry.npmjs.org/escalade/-/escalade-3.2.0.tgz. Extracting by manifest.
1903 silly tarball no local data for media-typer@https://registry.npmjs.org/media-typer/-/media-typer-0.3.0.tgz. Extracting by manifest.
1904 silly tarball no local data for fsevents@https://registry.npmjs.org/fsevents/-/fsevents-2.3.3.tgz. Extracting by manifest.
1905 silly tarball no local data for esbuild@https://registry.npmjs.org/esbuild/-/esbuild-0.28.2.tgz. Extracting by manifest.
1906 silly tarball no local data for @esbuild/darwin-arm64@https://registry.npmjs.org/@esbuild/darwin-arm64/-/darwin-arm64-0.28.2.tgz. Extracting by manifest.
1907 silly tarball no local data for util-deprecate@https://registry.npmjs.org/util-deprecate/-/util-deprecate-1.0.2.tgz. Extracting by manifest.
1908 silly tarball no local data for string_decoder@https://registry.npmjs.org/string_decoder/-/string_decoder-1.3.0.tgz. Extracting by manifest.
1909 silly tarball no local data for ieee754@https://registry.npmjs.org/ieee754/-/ieee754-1.2.1.tgz. Extracting by manifest.
1910 silly tarball no local data for base64-js@https://registry.npmjs.org/base64-js/-/base64-js-1.5.1.tgz. Extracting by manifest.
1911 silly tarball no local data for buffer@https://registry.npmjs.org/buffer/-/buffer-5.7.1.tgz. Extracting by manifest.
1912 silly tarball no local data for readable-stream@https://registry.npmjs.org/readable-stream/-/readable-stream-3.6.2.tgz. Extracting by manifest.
1913 silly tarball no local data for fs-constants@https://registry.npmjs.org/fs-constants/-/fs-constants-1.0.0.tgz. Extracting by manifest.
1914 silly tarball no local data for bl@https://registry.npmjs.org/bl/-/bl-4.1.0.tgz. Extracting by manifest.
1915 silly tarball no local data for tar-stream@https://registry.npmjs.org/tar-stream/-/tar-stream-2.2.0.tgz. Extracting by manifest.
1916 silly tarball no local data for chownr@https://registry.npmjs.org/chownr/-/chownr-1.1.4.tgz. Extracting by manifest.
1917 silly tarball no local data for mimic-response@https://registry.npmjs.org/mimic-response/-/mimic-response-3.1.0.tgz. Extracting by manifest.
1918 silly tarball no local data for simple-concat@https://registry.npmjs.org/simple-concat/-/simple-concat-1.0.1.tgz. Extracting by manifest.
1919 silly tarball no local data for decompress-response@https://registry.npmjs.org/decompress-response/-/decompress-response-6.0.0.tgz. Extracting by manifest.
1920 silly tarball no local data for dunder-proto@https://registry.npmjs.org/dunder-proto/-/dunder-proto-1.0.1.tgz. Extracting by manifest.
1921 silly tarball no local data for math-intrinsics@https://registry.npmjs.org/math-intrinsics/-/math-intrinsics-1.1.0.tgz. Extracting by manifest.
1922 silly tarball no local data for hasown@https://registry.npmjs.org/hasown/-/hasown-2.0.4.tgz. Extracting by manifest.
1923 silly tarball no local data for has-symbols@https://registry.npmjs.org/has-symbols/-/has-symbols-1.1.0.tgz. Extracting by manifest.
1924 silly tarball no local data for gopd@https://registry.npmjs.org/gopd/-/gopd-1.2.0.tgz. Extracting by manifest.
1925 silly tarball no local data for get-proto@https://registry.npmjs.org/get-proto/-/get-proto-1.0.1.tgz. Extracting by manifest.
1926 silly tarball no local data for es-object-atoms@https://registry.npmjs.org/es-object-atoms/-/es-object-atoms-1.1.2.tgz. Extracting by manifest.
1927 silly tarball no local data for function-bind@https://registry.npmjs.org/function-bind/-/function-bind-1.1.2.tgz. Extracting by manifest.
1928 silly tarball no local data for call-bind-apply-helpers@https://registry.npmjs.org/call-bind-apply-helpers/-/call-bind-apply-helpers-1.0.2.tgz. Extracting by manifest.
1929 silly tarball no local data for get-intrinsic@https://registry.npmjs.org/get-intrinsic/-/get-intrinsic-1.3.0.tgz. Extracting by manifest.
1930 silly tarball no local data for call-bound@https://registry.npmjs.org/call-bound/-/call-bound-1.0.4.tgz. Extracting by manifest.
1931 silly tarball no local data for side-channel-weakmap@https://registry.npmjs.org/side-channel-weakmap/-/side-channel-weakmap-1.0.2.tgz. Extracting by manifest.
1932 silly tarball no local data for side-channel-map@https://registry.npmjs.org/side-channel-map/-/side-channel-map-1.0.1.tgz. Extracting by manifest.
1933 silly tarball no local data for side-channel-list@https://registry.npmjs.org/side-channel-list/-/side-channel-list-1.0.1.tgz. Extracting by manifest.
1934 silly tarball no local data for object-inspect@https://registry.npmjs.org/object-inspect/-/object-inspect-1.13.4.tgz. Extracting by manifest.
1935 silly tarball no local data for es-errors@https://registry.npmjs.org/es-errors/-/es-errors-1.3.0.tgz. Extracting by manifest.
1936 silly tarball no local data for mime@https://registry.npmjs.org/mime/-/mime-1.6.0.tgz. Extracting by manifest.
1937 silly tarball no local data for react-router@https://registry.npmjs.org/react-router/-/react-router-6.30.4.tgz. Extracting by manifest.
1938 silly tarball no local data for @remix-run/router@https://registry.npmjs.org/@remix-run/router/-/router-1.23.3.tgz. Extracting by manifest.
1939 silly tarball no local data for scheduler@https://registry.npmjs.org/scheduler/-/scheduler-0.23.2.tgz. Extracting by manifest.
1940 silly tarball no local data for loose-envify@https://registry.npmjs.org/loose-envify/-/loose-envify-1.4.0.tgz. Extracting by manifest.
1941 silly tarball no local data for strip-json-comments@https://registry.npmjs.org/strip-json-comments/-/strip-json-comments-2.0.1.tgz. Extracting by manifest.
1942 silly tarball no local data for ini@https://registry.npmjs.org/ini/-/ini-1.3.8.tgz. Extracting by manifest.
1943 silly tarball no local data for deep-extend@https://registry.npmjs.org/deep-extend/-/deep-extend-0.6.0.tgz. Extracting by manifest.
1944 silly tarball no local data for side-channel@https://registry.npmjs.org/side-channel/-/side-channel-1.1.1.tgz. Extracting by manifest.
1945 silly tarball no local data for es-define-property@https://registry.npmjs.org/es-define-property/-/es-define-property-1.0.1.tgz. Extracting by manifest.
1946 silly tarball no local data for once@https://registry.npmjs.org/once/-/once-1.4.0.tgz. Extracting by manifest.
1947 silly tarball no local data for end-of-stream@https://registry.npmjs.org/end-of-stream/-/end-of-stream-1.4.5.tgz. Extracting by manifest.
1948 silly tarball no local data for ipaddr.js@https://registry.npmjs.org/ipaddr.js/-/ipaddr.js-1.9.1.tgz. Extracting by manifest.
1949 silly tarball no local data for wrappy@https://registry.npmjs.org/wrappy/-/wrappy-1.0.2.tgz. Extracting by manifest.
1950 silly tarball no local data for forwarded@https://registry.npmjs.org/forwarded/-/forwarded-0.2.0.tgz. Extracting by manifest.
1951 silly tarball no local data for tunnel-agent@https://registry.npmjs.org/tunnel-agent/-/tunnel-agent-0.6.0.tgz. Extracting by manifest.
1952 silly tarball no local data for tar-fs@https://registry.npmjs.org/tar-fs/-/tar-fs-2.1.5.tgz. Extracting by manifest.
1953 silly tarball no local data for rc@https://registry.npmjs.org/rc/-/rc-1.2.8.tgz. Extracting by manifest.
1954 silly tarball no local data for simple-get@https://registry.npmjs.org/simple-get/-/simple-get-4.0.1.tgz. Extracting by manifest.
1955 silly tarball no local data for pump@https://registry.npmjs.org/pump/-/pump-3.0.4.tgz. Extracting by manifest.
1956 silly tarball no local data for napi-build-utils@https://registry.npmjs.org/napi-build-utils/-/napi-build-utils-2.0.0.tgz. Extracting by manifest.
1957 silly tarball no local data for node-abi@https://registry.npmjs.org/node-abi/-/node-abi-3.94.0.tgz. Extracting by manifest.
1958 silly tarball no local data for mkdirp-classic@https://registry.npmjs.org/mkdirp-classic/-/mkdirp-classic-0.5.3.tgz. Extracting by manifest.
1959 silly tarball no local data for minimist@https://registry.npmjs.org/minimist/-/minimist-1.2.8.tgz. Extracting by manifest.
1960 silly tarball no local data for github-from-package@https://registry.npmjs.org/github-from-package/-/github-from-package-0.0.0.tgz. Extracting by manifest.
1961 silly tarball no local data for expand-template@https://registry.npmjs.org/expand-template/-/expand-template-2.0.3.tgz. Extracting by manifest.
1962 silly tarball no local data for detect-libc@https://registry.npmjs.org/detect-libc/-/detect-libc-2.1.2.tgz. Extracting by manifest.
1963 silly tarball no local data for mime-db@https://registry.npmjs.org/mime-db/-/mime-db-1.52.0.tgz. Extracting by manifest.
1964 silly tarball no local data for ee-first@https://registry.npmjs.org/ee-first/-/ee-first-1.1.1.tgz. Extracting by manifest.
1965 silly tarball no local data for yallist@https://registry.npmjs.org/yallist/-/yallist-3.1.1.tgz. Extracting by manifest.
1966 silly tarball no local data for safer-buffer@https://registry.npmjs.org/safer-buffer/-/safer-buffer-2.1.2.tgz. Extracting by manifest.
1967 silly tarball no local data for toidentifier@https://registry.npmjs.org/toidentifier/-/toidentifier-1.0.1.tgz. Extracting by manifest.
1968 silly tarball no local data for inherits@https://registry.npmjs.org/inherits/-/inherits-2.0.4.tgz. Extracting by manifest.
1969 silly tarball no local data for unpipe@https://registry.npmjs.org/unpipe/-/unpipe-1.0.0.tgz. Extracting by manifest.
1970 silly tarball no local data for raw-body@https://registry.npmjs.org/raw-body/-/raw-body-2.5.3.tgz. Extracting by manifest.
1971 silly tarball no local data for iconv-lite@https://registry.npmjs.org/iconv-lite/-/iconv-lite-0.4.24.tgz. Extracting by manifest.
1972 silly tarball no local data for destroy@https://registry.npmjs.org/destroy/-/destroy-1.2.0.tgz. Extracting by manifest.
1973 silly tarball no local data for bytes@https://registry.npmjs.org/bytes/-/bytes-3.1.2.tgz. Extracting by manifest.
1974 silly tarball no local data for negotiator@https://registry.npmjs.org/negotiator/-/negotiator-0.6.3.tgz. Extracting by manifest.
1975 silly tarball no local data for mime-types@https://registry.npmjs.org/mime-types/-/mime-types-2.1.35.tgz. Extracting by manifest.
1976 silly tarball no local data for utils-merge@https://registry.npmjs.org/utils-merge/-/utils-merge-1.0.1.tgz. Extracting by manifest.
1977 silly tarball no local data for type-is@https://registry.npmjs.org/type-is/-/type-is-1.6.18.tgz. Extracting by manifest.
1978 silly tarball no local data for statuses@https://registry.npmjs.org/statuses/-/statuses-2.0.2.tgz. Extracting by manifest.
1979 silly tarball no local data for setprototypeof@https://registry.npmjs.org/setprototypeof/-/setprototypeof-1.2.0.tgz. Extracting by manifest.
1980 silly tarball no local data for serve-static@https://registry.npmjs.org/serve-static/-/serve-static-1.16.3.tgz. Extracting by manifest.
1981 silly tarball no local data for send@https://registry.npmjs.org/send/-/send-0.19.2.tgz. Extracting by manifest.
1982 silly tarball no local data for safe-buffer@https://registry.npmjs.org/safe-buffer/-/safe-buffer-5.2.1.tgz. Extracting by manifest.
1983 silly tarball no local data for range-parser@https://registry.npmjs.org/range-parser/-/range-parser-1.2.1.tgz. Extracting by manifest.
1984 silly tarball no local data for qs@https://registry.npmjs.org/qs/-/qs-6.15.3.tgz. Extracting by manifest.
1985 silly tarball no local data for proxy-addr@https://registry.npmjs.org/proxy-addr/-/proxy-addr-2.0.7.tgz. Extracting by manifest.
1986 silly tarball no local data for path-to-regexp@https://registry.npmjs.org/path-to-regexp/-/path-to-regexp-0.1.13.tgz. Extracting by manifest.
1987 silly tarball no local data for parseurl@https://registry.npmjs.org/parseurl/-/parseurl-1.3.3.tgz. Extracting by manifest.
1988 silly tarball no local data for on-finished@https://registry.npmjs.org/on-finished/-/on-finished-2.4.1.tgz. Extracting by manifest.
1989 silly tarball no local data for methods@https://registry.npmjs.org/methods/-/methods-1.1.2.tgz. Extracting by manifest.
1990 silly tarball no local data for merge-descriptors@https://registry.npmjs.org/merge-descriptors/-/merge-descriptors-1.0.3.tgz. Extracting by manifest.
1991 silly tarball no local data for http-errors@https://registry.npmjs.org/http-errors/-/http-errors-2.0.1.tgz. Extracting by manifest.
1992 silly tarball no local data for fresh@https://registry.npmjs.org/fresh/-/fresh-0.5.2.tgz. Extracting by manifest.
1993 silly tarball no local data for finalhandler@https://registry.npmjs.org/finalhandler/-/finalhandler-1.3.2.tgz. Extracting by manifest.
1994 silly tarball no local data for etag@https://registry.npmjs.org/etag/-/etag-1.8.1.tgz. Extracting by manifest.
1995 silly tarball no local data for encodeurl@https://registry.npmjs.org/encodeurl/-/encodeurl-2.0.0.tgz. Extracting by manifest.
1996 silly tarball no local data for escape-html@https://registry.npmjs.org/escape-html/-/escape-html-1.0.3.tgz. Extracting by manifest.
1997 silly tarball no local data for depd@https://registry.npmjs.org/depd/-/depd-2.0.0.tgz. Extracting by manifest.
1998 silly tarball no local data for cookie-signature@https://registry.npmjs.org/cookie-signature/-/cookie-signature-1.0.7.tgz. Extracting by manifest.
1999 silly tarball no local data for cookie@https://registry.npmjs.org/cookie/-/cookie-0.7.2.tgz. Extracting by manifest.
2000 silly tarball no local data for content-type@https://registry.npmjs.org/content-type/-/content-type-1.0.5.tgz. Extracting by manifest.
2001 silly tarball no local data for content-disposition@https://registry.npmjs.org/content-disposition/-/content-disposition-0.5.4.tgz. Extracting by manifest.
2002 silly tarball no local data for body-parser@https://registry.npmjs.org/body-parser/-/body-parser-1.20.6.tgz. Extracting by manifest.
2003 silly tarball no local data for array-flatten@https://registry.npmjs.org/array-flatten/-/array-flatten-1.1.1.tgz. Extracting by manifest.
2004 silly tarball no local data for accepts@https://registry.npmjs.org/accepts/-/accepts-1.3.8.tgz. Extracting by manifest.
2005 silly tarball no local data for ms@https://registry.npmjs.org/ms/-/ms-2.1.3.tgz. Extracting by manifest.
2006 silly tarball no local data for vary@https://registry.npmjs.org/vary/-/vary-1.1.2.tgz. Extracting by manifest.
2007 silly tarball no local data for object-assign@https://registry.npmjs.org/object-assign/-/object-assign-4.1.1.tgz. Extracting by manifest.
2008 silly tarball no local data for update-browserslist-db@https://registry.npmjs.org/update-browserslist-db/-/update-browserslist-db-1.3.1.tgz. Extracting by manifest.
2009 silly tarball no local data for node-releases@https://registry.npmjs.org/node-releases/-/node-releases-2.0.53.tgz. Extracting by manifest.
2010 silly tarball no local data for electron-to-chromium@https://registry.npmjs.org/electron-to-chromium/-/electron-to-chromium-1.5.407.tgz. Extracting by manifest.
2011 silly tarball no local data for caniuse-lite@https://registry.npmjs.org/caniuse-lite/-/caniuse-lite-1.0.30001809.tgz. Extracting by manifest.
2012 silly tarball no local data for baseline-browser-mapping@https://registry.npmjs.org/baseline-browser-mapping/-/baseline-browser-mapping-2.11.14.tgz. Extracting by manifest.
2013 silly tarball no local data for file-uri-to-path@https://registry.npmjs.org/file-uri-to-path/-/file-uri-to-path-1.0.0.tgz. Extracting by manifest.
2014 silly tarball no local data for prebuild-install@https://registry.npmjs.org/prebuild-install/-/prebuild-install-7.1.3.tgz. Extracting by manifest.
2015 silly tarball no local data for @types/babel__template@https://registry.npmjs.org/@types/babel__template/-/babel__template-7.4.4.tgz. Extracting by manifest.
2016 silly tarball no local data for bindings@https://registry.npmjs.org/bindings/-/bindings-1.5.0.tgz. Extracting by manifest.
2017 silly tarball no local data for @jridgewell/resolve-uri@https://registry.npmjs.org/@jridgewell/resolve-uri/-/resolve-uri-3.1.2.tgz. Extracting by manifest.
2018 silly tarball no local data for @jridgewell/sourcemap-codec@https://registry.npmjs.org/@jridgewell/sourcemap-codec/-/sourcemap-codec-1.5.5.tgz. Extracting by manifest.
2019 silly tarball no local data for @types/babel__traverse@https://registry.npmjs.org/@types/babel__traverse/-/babel__traverse-7.28.0.tgz. Extracting by manifest.
2020 silly tarball no local data for @babel/helper-globals@https://registry.npmjs.org/@babel/helper-globals/-/helper-globals-7.29.7.tgz. Extracting by manifest.
2021 silly tarball no local data for @types/babel__generator@https://registry.npmjs.org/@types/babel__generator/-/babel__generator-7.27.0.tgz. Extracting by manifest.
2022 silly tarball no local data for @babel/helper-string-parser@https://registry.npmjs.org/@babel/helper-string-parser/-/helper-string-parser-7.29.7.tgz. Extracting by manifest.
2023 silly tarball no local data for @babel/helper-plugin-utils@https://registry.npmjs.org/@babel/helper-plugin-utils/-/helper-plugin-utils-7.29.7.tgz. Extracting by manifest.
2024 silly tarball no local data for @babel/helper-module-imports@https://registry.npmjs.org/@babel/helper-module-imports/-/helper-module-imports-7.29.7.tgz. Extracting by manifest.
2025 silly tarball no local data for lru-cache@https://registry.npmjs.org/lru-cache/-/lru-cache-5.1.1.tgz. Extracting by manifest.
2026 silly tarball no local data for browserslist@https://registry.npmjs.org/browserslist/-/browserslist-4.28.8.tgz. Extracting by manifest.
2027 silly tarball no local data for @babel/helper-validator-option@https://registry.npmjs.org/@babel/helper-validator-option/-/helper-validator-option-7.29.7.tgz. Extracting by manifest.
2028 silly tarball no local data for @babel/compat-data@https://registry.npmjs.org/@babel/compat-data/-/compat-data-7.29.7.tgz. Extracting by manifest.
2029 silly tarball no local data for jsesc@https://registry.npmjs.org/jsesc/-/jsesc-3.1.0.tgz. Extracting by manifest.
2030 silly tarball no local data for @jridgewell/trace-mapping@https://registry.npmjs.org/@jridgewell/trace-mapping/-/trace-mapping-0.3.31.tgz. Extracting by manifest.
2031 silly tarball no local data for @jridgewell/gen-mapping@https://registry.npmjs.org/@jridgewell/gen-mapping/-/gen-mapping-0.3.13.tgz. Extracting by manifest.
2032 silly tarball no local data for picocolors@https://registry.npmjs.org/picocolors/-/picocolors-1.1.1.tgz. Extracting by manifest.
2033 silly tarball no local data for js-tokens@https://registry.npmjs.org/js-tokens/-/js-tokens-4.0.0.tgz. Extracting by manifest.
2034 silly tarball no local data for semver@https://registry.npmjs.org/semver/-/semver-6.3.1.tgz. Extracting by manifest.
2035 silly tarball no local data for @babel/helper-validator-identifier@https://registry.npmjs.org/@babel/helper-validator-identifier/-/helper-validator-identifier-7.29.7.tgz. Extracting by manifest.
2036 silly tarball no local data for json5@https://registry.npmjs.org/json5/-/json5-2.2.3.tgz. Extracting by manifest.
2037 silly tarball no local data for gensync@https://registry.npmjs.org/gensync/-/gensync-1.0.0-beta.2.tgz. Extracting by manifest.
2038 silly tarball no local data for debug@https://registry.npmjs.org/debug/-/debug-4.4.3.tgz. Extracting by manifest.
2039 silly tarball no local data for convert-source-map@https://registry.npmjs.org/convert-source-map/-/convert-source-map-2.0.0.tgz. Extracting by manifest.
2040 silly tarball no local data for @jridgewell/remapping@https://registry.npmjs.org/@jridgewell/remapping/-/remapping-2.3.5.tgz. Extracting by manifest.
2041 silly tarball no local data for @babel/types@https://registry.npmjs.org/@babel/types/-/types-7.29.8.tgz. Extracting by manifest.
2042 silly tarball no local data for @babel/traverse@https://registry.npmjs.org/@babel/traverse/-/traverse-7.29.8.tgz. Extracting by manifest.
2043 silly tarball no local data for @babel/template@https://registry.npmjs.org/@babel/template/-/template-7.29.7.tgz. Extracting by manifest.
2044 silly tarball no local data for @babel/parser@https://registry.npmjs.org/@babel/parser/-/parser-7.29.8.tgz. Extracting by manifest.
2045 silly tarball no local data for @babel/helpers@https://registry.npmjs.org/@babel/helpers/-/helpers-7.29.7.tgz. Extracting by manifest.
2046 silly tarball no local data for @babel/helper-module-transforms@https://registry.npmjs.org/@babel/helper-module-transforms/-/helper-module-transforms-7.29.7.tgz. Extracting by manifest.
2047 silly tarball no local data for @babel/helper-compilation-targets@https://registry.npmjs.org/@babel/helper-compilation-targets/-/helper-compilation-targets-7.29.7.tgz. Extracting by manifest.
2048 silly tarball no local data for @babel/generator@https://registry.npmjs.org/@babel/generator/-/generator-7.29.8.tgz. Extracting by manifest.
2049 silly tarball no local data for @babel/code-frame@https://registry.npmjs.org/@babel/code-frame/-/code-frame-7.29.7.tgz. Extracting by manifest.
2050 silly tarball no local data for react-refresh@https://registry.npmjs.org/react-refresh/-/react-refresh-0.17.0.tgz. Extracting by manifest.
2051 silly tarball no local data for @types/babel__core@https://registry.npmjs.org/@types/babel__core/-/babel__core-7.20.5.tgz. Extracting by manifest.
2052 silly tarball no local data for @rolldown/pluginutils@https://registry.npmjs.org/@rolldown/pluginutils/-/pluginutils-1.0.0-beta.27.tgz. Extracting by manifest.
2053 silly tarball no local data for @babel/plugin-transform-react-jsx-source@https://registry.npmjs.org/@babel/plugin-transform-react-jsx-source/-/plugin-transform-react-jsx-source-7.29.7.tgz. Extracting by manifest.
2054 silly tarball no local data for @babel/plugin-transform-react-jsx-self@https://registry.npmjs.org/@babel/plugin-transform-react-jsx-self/-/plugin-transform-react-jsx-self-7.29.7.tgz. Extracting by manifest.
2055 silly tarball no local data for @babel/core@https://registry.npmjs.org/@babel/core/-/core-7.29.7.tgz. Extracting by manifest.
2056 silly tarball no local data for undici-types@https://registry.npmjs.org/undici-types/-/undici-types-6.21.0.tgz. Extracting by manifest.
2057 silly tarball no local data for @types/send@https://registry.npmjs.org/@types/send/-/send-1.2.1.tgz. Extracting by manifest.
2058 silly tarball no local data for @types/prop-types@https://registry.npmjs.org/@types/prop-types/-/prop-types-15.7.15.tgz. Extracting by manifest.
2059 silly tarball no local data for @types/range-parser@https://registry.npmjs.org/@types/range-parser/-/range-parser-1.2.7.tgz. Extracting by manifest.
2060 silly tarball no local data for @types/connect@https://registry.npmjs.org/@types/connect/-/connect-3.4.38.tgz. Extracting by manifest.
2061 silly tarball no local data for @types/serve-static@https://registry.npmjs.org/@types/serve-static/-/serve-static-1.15.10.tgz. Extracting by manifest.
2062 silly tarball no local data for @types/qs@https://registry.npmjs.org/@types/qs/-/qs-6.15.1.tgz. Extracting by manifest.
2063 silly tarball no local data for @types/http-errors@https://registry.npmjs.org/@types/http-errors/-/http-errors-2.0.5.tgz. Extracting by manifest.
2064 silly tarball no local data for @types/express-serve-static-core@https://registry.npmjs.org/@types/express-serve-static-core/-/express-serve-static-core-4.19.9.tgz. Extracting by manifest.
2065 silly tarball no local data for csstype@https://registry.npmjs.org/csstype/-/csstype-3.2.3.tgz. Extracting by manifest.
2066 silly tarball no local data for @types/body-parser@https://registry.npmjs.org/@types/body-parser/-/body-parser-1.19.6.tgz. Extracting by manifest.
2067 silly tarball no local data for react-dom@https://registry.npmjs.org/react-dom/-/react-dom-18.3.1.tgz. Extracting by manifest.
2068 silly tarball no local data for vite@https://registry.npmjs.org/vite/-/vite-6.4.3.tgz. Extracting by manifest.
2069 silly tarball no local data for react-router-dom@https://registry.npmjs.org/react-router-dom/-/react-router-dom-6.30.4.tgz. Extracting by manifest.
2070 silly tarball no local data for @types/react-dom@https://registry.npmjs.org/@types/react-dom/-/react-dom-18.3.7.tgz. Extracting by manifest.
2071 silly tarball no local data for @types/react@https://registry.npmjs.org/@types/react/-/react-18.3.31.tgz. Extracting by manifest.
2072 silly tarball no local data for typescript@https://registry.npmjs.org/typescript/-/typescript-5.9.3.tgz. Extracting by manifest.
2073 silly tarball no local data for react@https://registry.npmjs.org/react/-/react-18.3.1.tgz. Extracting by manifest.
2074 silly tarball no local data for tsx@https://registry.npmjs.org/tsx/-/tsx-4.23.12.tgz. Extracting by manifest.
2075 silly tarball no local data for zod@https://registry.npmjs.org/zod/-/zod-3.25.76.tgz. Extracting by manifest.
2076 silly tarball no local data for express@https://registry.npmjs.org/express/-/express-4.22.2.tgz. Extracting by manifest.
2077 silly tarball no local data for cors@https://registry.npmjs.org/cors/-/cors-2.8.6.tgz. Extracting by manifest.
2078 silly tarball no local data for @types/node@https://registry.npmjs.org/@types/node/-/node-22.20.1.tgz. Extracting by manifest.
2079 silly tarball no local data for better-sqlite3@https://registry.npmjs.org/better-sqlite3/-/better-sqlite3-11.10.0.tgz. Extracting by manifest.
2080 silly tarball no local data for @types/express@https://registry.npmjs.org/@types/express/-/express-4.17.25.tgz. Extracting by manifest.
2081 silly tarball no local data for @vitejs/plugin-react@https://registry.npmjs.org/@vitejs/plugin-react/-/plugin-react-4.7.0.tgz. Extracting by manifest.
2082 silly tarball no local data for semver@https://registry.npmjs.org/semver/-/semver-7.8.5.tgz. Extracting by manifest.
2083 silly tarball no local data for @types/cors@https://registry.npmjs.org/@types/cors/-/cors-2.8.19.tgz. Extracting by manifest.
2084 silly tarball no local data for ms@https://registry.npmjs.org/ms/-/ms-2.0.0.tgz. Extracting by manifest.
2085 silly tarball no local data for debug@https://registry.npmjs.org/debug/-/debug-2.6.9.tgz. Extracting by manifest.
2086 silly tarball no local data for debug@https://registry.npmjs.org/debug/-/debug-2.6.9.tgz. Extracting by manifest.
2087 silly tarball no local data for ms@https://registry.npmjs.org/ms/-/ms-2.0.0.tgz. Extracting by manifest.
2088 silly tarball no local data for ms@https://registry.npmjs.org/ms/-/ms-2.0.0.tgz. Extracting by manifest.
2089 silly tarball no local data for @types/send@https://registry.npmjs.org/@types/send/-/send-0.17.6.tgz. Extracting by manifest.
2090 silly tarball no local data for debug@https://registry.npmjs.org/debug/-/debug-2.6.9.tgz. Extracting by manifest.
2091 silly tarball no local data for esbuild@https://registry.npmjs.org/esbuild/-/esbuild-0.25.12.tgz. Extracting by manifest.
2092 silly tarball no local data for @esbuild/darwin-arm64@https://registry.npmjs.org/@esbuild/darwin-arm64/-/darwin-arm64-0.25.12.tgz. Extracting by manifest.
2093 silly tarball no local data for debug@https://registry.npmjs.org/debug/-/debug-2.6.9.tgz. Extracting by manifest.
2094 silly tarball no local data for ms@https://registry.npmjs.org/ms/-/ms-2.0.0.tgz. Extracting by manifest.
2095 http fetch POST 200 https://registry.npmjs.org/-/npm/v1/security/advisories/bulk 107ms
2096 silly audit report {
2096 silly audit report   'react-router-dom': [
2096 silly audit report     {
2096 silly audit report       id: 1124270,
2096 silly audit report       url: 'https://github.com/advisories/GHSA-jjmj-jmhj-qwj2',
2096 silly audit report       title: 'React Router: Open redirect leading to XSS',
2096 silly audit report       severity: 'moderate',
2096 silly audit report       vulnerable_versions: '>=6.30.2 <=6.30.4',
2096 silly audit report       cwe: [Array],
2096 silly audit report       cvss: [Object]
2096 silly audit report     }
2096 silly audit report   ],
2096 silly audit report   'react-router': [
2096 silly audit report     {
2096 silly audit report       id: 1124268,
2096 silly audit report       url: 'https://github.com/advisories/GHSA-wrjc-x8rr-h8h6',
2096 silly audit report       title: 'React Router: Open redirect via backslash in <Link> and useNavigate (CVE-2025-68470 bypass)',
2096 silly audit report       severity: 'moderate',
2096 silly audit report       vulnerable_versions: '>=6.0.0 <7.18.0',
2096 silly audit report       cwe: [Array],
2096 silly audit report       cvss: [Object]
2096 silly audit report     },
2096 silly audit report     {
2096 silly audit report       id: 1124272,
2096 silly audit report       url: 'https://github.com/advisories/GHSA-337j-9hxr-rhxg',
2096 silly audit report       title: 'React Router: Arbitrary Constructor Injection via deserializeErrors() in React Router SSR Hydration',
2096 silly audit report       severity: 'moderate',
2096 silly audit report       vulnerable_versions: '>=6.4.0 <7.18.0',
2096 silly audit report       cwe: [Array],
2096 silly audit report       cvss: [Object]
2096 silly audit report     }
2096 silly audit report   ]
2096 silly audit report }
2097 silly packumentCache corgi:https://registry.npmjs.org/react-router-dom cache-miss
2098 silly packumentCache corgi:https://registry.npmjs.org/react-router cache-miss
2099 http fetch GET 200 https://registry.npmjs.org/tinyglobby/-/tinyglobby-0.2.17.tgz 65ms (cache miss)
2100 http fetch GET 200 https://registry.npmjs.org/@types/mime/-/mime-1.3.5.tgz 66ms (cache miss)
2101 http fetch GET 200 https://registry.npmjs.org/@types/estree/-/estree-1.0.9.tgz 69ms (cache miss)
2102 http fetch GET 200 https://registry.npmjs.org/util-deprecate/-/util-deprecate-1.0.2.tgz 69ms (cache miss)
2103 http fetch GET 200 https://registry.npmjs.org/nanoid/-/nanoid-3.3.18.tgz 70ms (cache miss)
2104 http fetch GET 200 https://registry.npmjs.org/string_decoder/-/string_decoder-1.3.0.tgz 71ms (cache miss)
2105 http fetch GET 200 https://registry.npmjs.org/source-map-js/-/source-map-js-1.2.1.tgz 73ms (cache miss)
2106 http fetch GET 200 https://registry.npmjs.org/base64-js/-/base64-js-1.5.1.tgz 73ms (cache miss)
2107 http fetch GET 200 https://registry.npmjs.org/buffer/-/buffer-5.7.1.tgz 83ms (cache miss)
2108 http fetch GET 200 https://registry.npmjs.org/ieee754/-/ieee754-1.2.1.tgz 88ms (cache miss)
2109 http fetch GET 200 https://registry.npmjs.org/escalade/-/escalade-3.2.0.tgz 91ms (cache miss)
2110 http fetch GET 200 https://registry.npmjs.org/fs-constants/-/fs-constants-1.0.0.tgz 91ms (cache miss)
2111 http fetch GET 200 https://registry.npmjs.org/picomatch/-/picomatch-4.0.5.tgz 103ms (cache miss)
2112 http fetch GET 200 https://registry.npmjs.org/readable-stream/-/readable-stream-3.6.2.tgz 121ms (cache miss)
2113 http fetch GET 200 https://registry.npmjs.org/fsevents/-/fsevents-2.3.3.tgz 125ms (cache miss)
2114 http fetch GET 200 https://registry.npmjs.org/media-typer/-/media-typer-0.3.0.tgz 125ms (cache miss)
2115 http fetch GET 200 https://registry.npmjs.org/tar-stream/-/tar-stream-2.2.0.tgz 125ms (cache miss)
2116 http fetch GET 200 https://registry.npmjs.org/bl/-/bl-4.1.0.tgz 126ms (cache miss)
2117 http fetch GET 200 https://registry.npmjs.org/mimic-response/-/mimic-response-3.1.0.tgz 126ms (cache miss)
2118 http fetch GET 200 https://registry.npmjs.org/dunder-proto/-/dunder-proto-1.0.1.tgz 127ms (cache miss)
2119 http fetch GET 200 https://registry.npmjs.org/decompress-response/-/decompress-response-6.0.0.tgz 127ms (cache miss)
2120 http fetch GET 200 https://registry.npmjs.org/fdir/-/fdir-6.5.0.tgz 130ms (cache miss)
2121 http fetch GET 200 https://registry.npmjs.org/simple-concat/-/simple-concat-1.0.1.tgz 129ms (cache miss)
2122 http fetch GET 200 https://registry.npmjs.org/chownr/-/chownr-1.1.4.tgz 130ms (cache miss)
2123 http fetch GET 200 https://registry.npmjs.org/math-intrinsics/-/math-intrinsics-1.1.0.tgz 130ms (cache miss)
2124 http fetch GET 200 https://registry.npmjs.org/hasown/-/hasown-2.0.4.tgz 130ms (cache miss)
2125 http fetch GET 200 https://registry.npmjs.org/postcss/-/postcss-8.5.26.tgz 141ms (cache miss)
2126 http fetch GET 200 https://registry.npmjs.org/esbuild/-/esbuild-0.28.2.tgz 142ms (cache miss)
2127 http fetch GET 200 https://registry.npmjs.org/get-proto/-/get-proto-1.0.1.tgz 191ms (cache miss)
2128 http fetch GET 200 https://registry.npmjs.org/function-bind/-/function-bind-1.1.2.tgz 191ms (cache miss)
2129 http fetch GET 200 https://registry.npmjs.org/call-bound/-/call-bound-1.0.4.tgz 192ms (cache miss)
2130 http fetch GET 200 https://registry.npmjs.org/gopd/-/gopd-1.2.0.tgz 194ms (cache miss)
2131 http fetch GET 200 https://registry.npmjs.org/es-object-atoms/-/es-object-atoms-1.1.2.tgz 195ms (cache miss)
2132 http fetch GET 200 https://registry.npmjs.org/has-symbols/-/has-symbols-1.1.0.tgz 196ms (cache miss)
2133 http fetch GET 200 https://registry.npmjs.org/call-bind-apply-helpers/-/call-bind-apply-helpers-1.0.2.tgz 196ms (cache miss)
2134 http fetch GET 200 https://registry.npmjs.org/get-intrinsic/-/get-intrinsic-1.3.0.tgz 197ms (cache miss)
2135 http fetch GET 200 https://registry.npmjs.org/@rollup/rollup-darwin-arm64/-/rollup-darwin-arm64-4.62.4.tgz 214ms (cache miss)
2136 http fetch GET 200 https://registry.npmjs.org/es-errors/-/es-errors-1.3.0.tgz 235ms (cache miss)
2137 http fetch GET 200 https://registry.npmjs.org/side-channel-weakmap/-/side-channel-weakmap-1.0.2.tgz 237ms (cache miss)
2138 http fetch GET 200 https://registry.npmjs.org/loose-envify/-/loose-envify-1.4.0.tgz 237ms (cache miss)
2139 http fetch GET 200 https://registry.npmjs.org/ini/-/ini-1.3.8.tgz 237ms (cache miss)
2140 http fetch GET 200 https://registry.npmjs.org/side-channel-map/-/side-channel-map-1.0.1.tgz 238ms (cache miss)
2141 http fetch GET 200 https://registry.npmjs.org/mime/-/mime-1.6.0.tgz 241ms (cache miss)
2142 http fetch GET 200 https://registry.npmjs.org/scheduler/-/scheduler-0.23.2.tgz 243ms (cache miss)
2143 http fetch GET 200 https://registry.npmjs.org/object-inspect/-/object-inspect-1.13.4.tgz 244ms (cache miss)
2144 http fetch GET 200 https://registry.npmjs.org/strip-json-comments/-/strip-json-comments-2.0.1.tgz 244ms (cache miss)
2145 http fetch GET 200 https://registry.npmjs.org/rollup/-/rollup-4.62.4.tgz 262ms (cache miss)
2146 http fetch GET 200 https://registry.npmjs.org/side-channel/-/side-channel-1.1.1.tgz 269ms (cache miss)
2147 http fetch GET 200 https://registry.npmjs.org/deep-extend/-/deep-extend-0.6.0.tgz 269ms (cache miss)
2148 http fetch GET 200 https://registry.npmjs.org/es-define-property/-/es-define-property-1.0.1.tgz 269ms (cache miss)
2149 http fetch GET 200 https://registry.npmjs.org/once/-/once-1.4.0.tgz 270ms (cache miss)
2150 http fetch GET 200 https://registry.npmjs.org/side-channel-list/-/side-channel-list-1.0.1.tgz 271ms (cache miss)
2151 http fetch GET 200 https://registry.npmjs.org/react-router/-/react-router-6.30.4.tgz 294ms (cache miss)
2152 http fetch GET 200 https://registry.npmjs.org/@remix-run/router/-/router-1.23.3.tgz 294ms (cache miss)
2153 http fetch GET 200 https://registry.npmjs.org/wrappy/-/wrappy-1.0.2.tgz 309ms (cache miss)
2154 http fetch GET 200 https://registry.npmjs.org/node-abi/-/node-abi-3.94.0.tgz 308ms (cache miss)
2155 http fetch GET 200 https://registry.npmjs.org/pump/-/pump-3.0.4.tgz 308ms (cache miss)
2156 http fetch GET 200 https://registry.npmjs.org/simple-get/-/simple-get-4.0.1.tgz 309ms (cache miss)
2157 http fetch GET 200 https://registry.npmjs.org/end-of-stream/-/end-of-stream-1.4.5.tgz 310ms (cache miss)
2158 http fetch GET 200 https://registry.npmjs.org/forwarded/-/forwarded-0.2.0.tgz 309ms (cache miss)
2159 http fetch GET 200 https://registry.npmjs.org/mkdirp-classic/-/mkdirp-classic-0.5.3.tgz 309ms (cache miss)
2160 http fetch GET 200 https://registry.npmjs.org/napi-build-utils/-/napi-build-utils-2.0.0.tgz 309ms (cache miss)
2161 http fetch GET 200 https://registry.npmjs.org/rc/-/rc-1.2.8.tgz 309ms (cache miss)
2162 http fetch GET 200 https://registry.npmjs.org/tunnel-agent/-/tunnel-agent-0.6.0.tgz 310ms (cache miss)
2163 http fetch GET 200 https://registry.npmjs.org/ipaddr.js/-/ipaddr.js-1.9.1.tgz 312ms (cache miss)
2164 http fetch GET 200 https://registry.npmjs.org/tar-fs/-/tar-fs-2.1.5.tgz 312ms (cache miss)
2165 http fetch GET 200 https://registry.npmjs.org/safer-buffer/-/safer-buffer-2.1.2.tgz 353ms (cache miss)
2166 http fetch GET 200 https://registry.npmjs.org/toidentifier/-/toidentifier-1.0.1.tgz 354ms (cache miss)
2167 http fetch GET 200 https://registry.npmjs.org/github-from-package/-/github-from-package-0.0.0.tgz 354ms (cache miss)
2168 http fetch GET 200 https://registry.npmjs.org/raw-body/-/raw-body-2.5.3.tgz 354ms (cache miss)
2169 http fetch GET 200 https://registry.npmjs.org/yallist/-/yallist-3.1.1.tgz 354ms (cache miss)
2170 http fetch GET 200 https://registry.npmjs.org/detect-libc/-/detect-libc-2.1.2.tgz 354ms (cache miss)
2171 http fetch GET 200 https://registry.npmjs.org/ee-first/-/ee-first-1.1.1.tgz 354ms (cache miss)
2172 http fetch GET 200 https://registry.npmjs.org/unpipe/-/unpipe-1.0.0.tgz 355ms (cache miss)
2173 http fetch GET 200 https://registry.npmjs.org/expand-template/-/expand-template-2.0.3.tgz 355ms (cache miss)
2174 http fetch GET 200 https://registry.npmjs.org/destroy/-/destroy-1.2.0.tgz 354ms (cache miss)
2175 http fetch GET 200 https://registry.npmjs.org/inherits/-/inherits-2.0.4.tgz 355ms (cache miss)
2176 http fetch GET 200 https://registry.npmjs.org/mime-db/-/mime-db-1.52.0.tgz 356ms (cache miss)
2177 http fetch GET 200 https://registry.npmjs.org/minimist/-/minimist-1.2.8.tgz 357ms (cache miss)
2178 http fetch GET 200 https://registry.npmjs.org/iconv-lite/-/iconv-lite-0.4.24.tgz 375ms (cache miss)
2179 http fetch GET 200 https://registry.npmjs.org/serve-static/-/serve-static-1.16.3.tgz 411ms (cache miss)
2180 http fetch GET 200 https://registry.npmjs.org/proxy-addr/-/proxy-addr-2.0.7.tgz 411ms (cache miss)
2181 http fetch GET 200 https://registry.npmjs.org/range-parser/-/range-parser-1.2.1.tgz 411ms (cache miss)
2182 http fetch GET 200 https://registry.npmjs.org/@esbuild/darwin-arm64/-/darwin-arm64-0.28.2.tgz 418ms (cache miss)
2183 http fetch GET 200 https://registry.npmjs.org/bytes/-/bytes-3.1.2.tgz 412ms (cache miss)
2184 http fetch GET 200 https://registry.npmjs.org/negotiator/-/negotiator-0.6.3.tgz 414ms (cache miss)
2185 http fetch GET 200 https://registry.npmjs.org/type-is/-/type-is-1.6.18.tgz 415ms (cache miss)
2186 http fetch GET 200 https://registry.npmjs.org/utils-merge/-/utils-merge-1.0.1.tgz 415ms (cache miss)
2187 http fetch GET 200 https://registry.npmjs.org/setprototypeof/-/setprototypeof-1.2.0.tgz 416ms (cache miss)
2188 http fetch GET 200 https://registry.npmjs.org/safe-buffer/-/safe-buffer-5.2.1.tgz 416ms (cache miss)
2189 http fetch GET 200 https://registry.npmjs.org/statuses/-/statuses-2.0.2.tgz 416ms (cache miss)
2190 http fetch GET 200 https://registry.npmjs.org/mime-types/-/mime-types-2.1.35.tgz 416ms (cache miss)
2191 http fetch GET 200 https://registry.npmjs.org/send/-/send-0.19.2.tgz 418ms (cache miss)
2192 http fetch GET 200 https://registry.npmjs.org/methods/-/methods-1.1.2.tgz 420ms (cache miss)
2193 http fetch GET 200 https://registry.npmjs.org/on-finished/-/on-finished-2.4.1.tgz 420ms (cache miss)
2194 http fetch GET 200 https://registry.npmjs.org/etag/-/etag-1.8.1.tgz 421ms (cache miss)
2195 http fetch GET 200 https://registry.npmjs.org/encodeurl/-/encodeurl-2.0.0.tgz 421ms (cache miss)
2196 http fetch GET 200 https://registry.npmjs.org/parseurl/-/parseurl-1.3.3.tgz 422ms (cache miss)
2197 http fetch GET 200 https://registry.npmjs.org/finalhandler/-/finalhandler-1.3.2.tgz 422ms (cache miss)
2198 http fetch GET 200 https://registry.npmjs.org/path-to-regexp/-/path-to-regexp-0.1.13.tgz 422ms (cache miss)
2199 http fetch GET 200 https://registry.npmjs.org/merge-descriptors/-/merge-descriptors-1.0.3.tgz 422ms (cache miss)
2200 http fetch GET 200 https://registry.npmjs.org/http-errors/-/http-errors-2.0.1.tgz 422ms (cache miss)
2201 http fetch GET 200 https://registry.npmjs.org/escape-html/-/escape-html-1.0.3.tgz 422ms (cache miss)
2202 http fetch GET 200 https://registry.npmjs.org/fresh/-/fresh-0.5.2.tgz 422ms (cache miss)
2203 http fetch GET 200 https://registry.npmjs.org/cookie-signature/-/cookie-signature-1.0.7.tgz 422ms (cache miss)
2204 http fetch GET 200 https://registry.npmjs.org/content-type/-/content-type-1.0.5.tgz 421ms (cache miss)
2205 http fetch GET 200 https://registry.npmjs.org/depd/-/depd-2.0.0.tgz 422ms (cache miss)
2206 http fetch GET 200 https://registry.npmjs.org/cookie/-/cookie-0.7.2.tgz 422ms (cache miss)
2207 http fetch GET 200 https://registry.npmjs.org/qs/-/qs-6.15.3.tgz 425ms (cache miss)
2208 http fetch GET 200 https://registry.npmjs.org/content-disposition/-/content-disposition-0.5.4.tgz 423ms (cache miss)
2209 http fetch GET 200 https://registry.npmjs.org/body-parser/-/body-parser-1.20.6.tgz 425ms (cache miss)
2210 http fetch GET 200 https://registry.npmjs.org/array-flatten/-/array-flatten-1.1.1.tgz 427ms (cache miss)
2211 http fetch GET 200 https://registry.npmjs.org/accepts/-/accepts-1.3.8.tgz 436ms (cache miss)
2212 http fetch GET 200 https://registry.npmjs.org/ms/-/ms-2.1.3.tgz 436ms (cache miss)
2213 http fetch GET 200 https://registry.npmjs.org/node-releases/-/node-releases-2.0.53.tgz 436ms (cache miss)
2214 http fetch GET 200 https://registry.npmjs.org/update-browserslist-db/-/update-browserslist-db-1.3.1.tgz 436ms (cache miss)
2215 http fetch GET 200 https://registry.npmjs.org/vary/-/vary-1.1.2.tgz 436ms (cache miss)
2216 http fetch GET 200 https://registry.npmjs.org/object-assign/-/object-assign-4.1.1.tgz 436ms (cache miss)
2217 http fetch GET 200 https://registry.npmjs.org/electron-to-chromium/-/electron-to-chromium-1.5.407.tgz 437ms (cache miss)
2218 http fetch GET 200 https://registry.npmjs.org/prebuild-install/-/prebuild-install-7.1.3.tgz 442ms (cache miss)
2219 http fetch GET 200 https://registry.npmjs.org/file-uri-to-path/-/file-uri-to-path-1.0.0.tgz 442ms (cache miss)
2220 warn deprecated prebuild-install@7.1.3: No longer maintained. Please contact the author of the relevant native addon; alternatives are available.
2221 http fetch GET 200 https://registry.npmjs.org/baseline-browser-mapping/-/baseline-browser-mapping-2.11.14.tgz 443ms (cache miss)
2222 http fetch GET 200 https://registry.npmjs.org/bindings/-/bindings-1.5.0.tgz 445ms (cache miss)
2223 http fetch GET 200 https://registry.npmjs.org/@types/babel__template/-/babel__template-7.4.4.tgz 449ms (cache miss)
2224 http fetch GET 200 https://registry.npmjs.org/@babel/helper-plugin-utils/-/helper-plugin-utils-7.29.7.tgz 458ms (cache miss)
2225 http fetch GET 200 https://registry.npmjs.org/@types/babel__generator/-/babel__generator-7.27.0.tgz 458ms (cache miss)
2226 http fetch GET 200 https://registry.npmjs.org/@babel/helper-globals/-/helper-globals-7.29.7.tgz 458ms (cache miss)
2227 http fetch GET 200 https://registry.npmjs.org/lru-cache/-/lru-cache-5.1.1.tgz 459ms (cache miss)
2228 http fetch GET 200 https://registry.npmjs.org/@types/babel__traverse/-/babel__traverse-7.28.0.tgz 460ms (cache miss)
2229 http fetch GET 200 https://registry.npmjs.org/@babel/helper-string-parser/-/helper-string-parser-7.29.7.tgz 461ms (cache miss)
2230 http fetch GET 200 https://registry.npmjs.org/@jridgewell/resolve-uri/-/resolve-uri-3.1.2.tgz 463ms (cache miss)
2231 http fetch GET 200 https://registry.npmjs.org/@jridgewell/sourcemap-codec/-/sourcemap-codec-1.5.5.tgz 464ms (cache miss)
2232 http fetch GET 200 https://registry.npmjs.org/jsesc/-/jsesc-3.1.0.tgz 465ms (cache miss)
2233 http fetch GET 200 https://registry.npmjs.org/@babel/helper-module-imports/-/helper-module-imports-7.29.7.tgz 468ms (cache miss)
2234 http fetch GET 200 https://registry.npmjs.org/browserslist/-/browserslist-4.28.8.tgz 470ms (cache miss)
2235 http fetch GET 200 https://registry.npmjs.org/@babel/compat-data/-/compat-data-7.29.7.tgz 475ms (cache miss)
2236 http fetch GET 200 https://registry.npmjs.org/picocolors/-/picocolors-1.1.1.tgz 475ms (cache miss)
2237 http fetch GET 200 https://registry.npmjs.org/@babel/helper-validator-option/-/helper-validator-option-7.29.7.tgz 477ms (cache miss)
2238 http fetch GET 200 https://registry.npmjs.org/semver/-/semver-6.3.1.tgz 477ms (cache miss)
2239 http fetch GET 200 https://registry.npmjs.org/js-tokens/-/js-tokens-4.0.0.tgz 477ms (cache miss)
2240 http fetch GET 200 https://registry.npmjs.org/gensync/-/gensync-1.0.0-beta.2.tgz 486ms (cache miss)
2241 http fetch GET 200 https://registry.npmjs.org/convert-source-map/-/convert-source-map-2.0.0.tgz 489ms (cache miss)
2242 http fetch GET 200 https://registry.npmjs.org/debug/-/debug-4.4.3.tgz 490ms (cache miss)
2243 http fetch GET 200 https://registry.npmjs.org/@babel/helper-validator-identifier/-/helper-validator-identifier-7.29.7.tgz 491ms (cache miss)
2244 http fetch GET 200 https://registry.npmjs.org/json5/-/json5-2.2.3.tgz 495ms (cache miss)
2245 http fetch GET 200 https://registry.npmjs.org/@jridgewell/gen-mapping/-/gen-mapping-0.3.13.tgz 496ms (cache miss)
2246 http fetch GET 200 https://registry.npmjs.org/@jridgewell/remapping/-/remapping-2.3.5.tgz 502ms (cache miss)
2247 http fetch GET 200 https://registry.npmjs.org/@jridgewell/trace-mapping/-/trace-mapping-0.3.31.tgz 504ms (cache miss)
2248 http fetch GET 200 https://registry.npmjs.org/@babel/helper-compilation-targets/-/helper-compilation-targets-7.29.7.tgz 506ms (cache miss)
2249 http fetch GET 200 https://registry.npmjs.org/@babel/helper-module-transforms/-/helper-module-transforms-7.29.7.tgz 509ms (cache miss)
2250 http fetch GET 200 https://registry.npmjs.org/@babel/code-frame/-/code-frame-7.29.7.tgz 511ms (cache miss)
2251 http fetch GET 200 https://registry.npmjs.org/@babel/template/-/template-7.29.7.tgz 512ms (cache miss)
2252 http fetch GET 200 https://registry.npmjs.org/react-refresh/-/react-refresh-0.17.0.tgz 513ms (cache miss)
2253 http fetch GET 200 https://registry.npmjs.org/@types/babel__core/-/babel__core-7.20.5.tgz 515ms (cache miss)
2254 http fetch GET 200 https://registry.npmjs.org/@babel/plugin-transform-react-jsx-source/-/plugin-transform-react-jsx-source-7.29.7.tgz 522ms (cache miss)
2255 http fetch GET 200 https://registry.npmjs.org/@babel/plugin-transform-react-jsx-self/-/plugin-transform-react-jsx-self-7.29.7.tgz 523ms (cache miss)
2256 http fetch GET 200 https://registry.npmjs.org/@rolldown/pluginutils/-/pluginutils-1.0.0-beta.27.tgz 536ms (cache miss)
2257 http fetch GET 200 https://registry.npmjs.org/@types/range-parser/-/range-parser-1.2.7.tgz 535ms (cache miss)
2258 http fetch GET 200 https://registry.npmjs.org/@babel/generator/-/generator-7.29.8.tgz 538ms (cache miss)
2259 http fetch GET 200 https://registry.npmjs.org/@types/send/-/send-1.2.1.tgz 536ms (cache miss)
2260 http fetch GET 200 https://registry.npmjs.org/@types/prop-types/-/prop-types-15.7.15.tgz 536ms (cache miss)
2261 http fetch GET 200 https://registry.npmjs.org/@babel/parser/-/parser-7.29.8.tgz 549ms (cache miss)
2262 http fetch GET 200 https://registry.npmjs.org/undici-types/-/undici-types-6.21.0.tgz 549ms (cache miss)
2263 http fetch GET 200 https://registry.npmjs.org/@types/connect/-/connect-3.4.38.tgz 550ms (cache miss)
2264 http fetch GET 200 https://registry.npmjs.org/@types/http-errors/-/http-errors-2.0.5.tgz 551ms (cache miss)
2265 http fetch GET 200 https://registry.npmjs.org/@types/qs/-/qs-6.15.1.tgz 551ms (cache miss)
2266 http fetch GET 200 https://registry.npmjs.org/@types/serve-static/-/serve-static-1.15.10.tgz 551ms (cache miss)
2267 http fetch GET 200 https://registry.npmjs.org/@babel/traverse/-/traverse-7.29.8.tgz 560ms (cache miss)
2268 http fetch GET 200 https://registry.npmjs.org/@types/body-parser/-/body-parser-1.19.6.tgz 563ms (cache miss)
2269 http fetch GET 200 https://registry.npmjs.org/@types/react-dom/-/react-dom-18.3.7.tgz 584ms (cache miss)
2270 http fetch GET 200 https://registry.npmjs.org/react/-/react-18.3.1.tgz 585ms (cache miss)
2271 http fetch GET 200 https://registry.npmjs.org/react-router-dom/-/react-router-dom-6.30.4.tgz 593ms (cache miss)
2272 http fetch GET 200 https://registry.npmjs.org/cors/-/cors-2.8.6.tgz 598ms (cache miss)
2273 http fetch GET 200 https://registry.npmjs.org/csstype/-/csstype-3.2.3.tgz 600ms (cache miss)
2274 http fetch GET 200 https://registry.npmjs.org/@types/react/-/react-18.3.31.tgz 600ms (cache miss)
2275 http fetch GET 200 https://registry.npmjs.org/express/-/express-4.22.2.tgz 605ms (cache miss)
2276 http fetch GET 200 https://registry.npmjs.org/@types/express/-/express-4.17.25.tgz 628ms (cache miss)
2277 http fetch GET 200 https://registry.npmjs.org/@babel/core/-/core-7.29.7.tgz 632ms (cache miss)
2278 http fetch GET 200 https://registry.npmjs.org/tsx/-/tsx-4.23.12.tgz 632ms (cache miss)
2279 http fetch GET 200 https://registry.npmjs.org/@babel/helpers/-/helpers-7.29.7.tgz 640ms (cache miss)
2280 http fetch GET 200 https://registry.npmjs.org/ms/-/ms-2.0.0.tgz 649ms (cache miss)
2281 http fetch GET 200 https://registry.npmjs.org/@types/express-serve-static-core/-/express-serve-static-core-4.19.9.tgz 653ms (cache miss)
2282 http fetch GET 200 https://registry.npmjs.org/ms/-/ms-2.0.0.tgz 651ms (cache miss)
2283 http fetch GET 200 https://registry.npmjs.org/@vitejs/plugin-react/-/plugin-react-4.7.0.tgz 652ms (cache miss)
2284 http fetch GET 200 https://registry.npmjs.org/@types/cors/-/cors-2.8.19.tgz 652ms (cache miss)
2285 http fetch GET 200 https://registry.npmjs.org/debug/-/debug-2.6.9.tgz 655ms (cache miss)
2286 http fetch GET 200 https://registry.npmjs.org/debug/-/debug-2.6.9.tgz 655ms (cache miss)
2287 http fetch GET 200 https://registry.npmjs.org/@babel/types/-/types-7.29.8.tgz 672ms (cache miss)
2288 http fetch GET 200 https://registry.npmjs.org/semver/-/semver-7.8.5.tgz 668ms (cache miss)
2289 http fetch GET 200 https://registry.npmjs.org/ms/-/ms-2.0.0.tgz 692ms (cache miss)
2290 http fetch GET 200 https://registry.npmjs.org/ms/-/ms-2.0.0.tgz 692ms (cache miss)
2291 http fetch GET 200 https://registry.npmjs.org/@types/send/-/send-0.17.6.tgz 693ms (cache miss)
2292 http fetch GET 200 https://registry.npmjs.org/debug/-/debug-2.6.9.tgz 696ms (cache miss)
2293 http fetch GET 200 https://registry.npmjs.org/esbuild/-/esbuild-0.25.12.tgz 697ms (cache miss)
2294 http fetch GET 200 https://registry.npmjs.org/debug/-/debug-2.6.9.tgz 697ms (cache miss)
2295 http fetch GET 200 https://registry.npmjs.org/react-dom/-/react-dom-18.3.1.tgz 707ms (cache miss)
2296 http fetch GET 200 https://registry.npmjs.org/vite/-/vite-6.4.3.tgz 707ms (cache miss)
2297 http fetch GET 200 https://registry.npmjs.org/@types/node/-/node-22.20.1.tgz 732ms (cache miss)
2298 http fetch GET 200 https://registry.npmjs.org/react-router 688ms (cache miss)
2299 silly packumentCache corgi:https://registry.npmjs.org/react-router set size:undefined disposed:false
2300 http fetch GET 200 https://registry.npmjs.org/react-router-dom 725ms (cache miss)
2301 silly packumentCache corgi:https://registry.npmjs.org/react-router-dom set size:undefined disposed:false
2302 http fetch GET 200 https://registry.npmjs.org/caniuse-lite/-/caniuse-lite-1.0.30001809.tgz 1102ms (cache miss)
2303 http fetch GET 200 https://registry.npmjs.org/better-sqlite3/-/better-sqlite3-11.10.0.tgz 1139ms (cache miss)
2304 http fetch GET 200 https://registry.npmjs.org/zod/-/zod-3.25.76.tgz 1188ms (cache miss)
2305 http fetch GET 200 https://registry.npmjs.org/@esbuild/darwin-arm64/-/darwin-arm64-0.25.12.tgz 1201ms (cache miss)
2306 http fetch GET 200 https://registry.npmjs.org/typescript/-/typescript-5.9.3.tgz 1215ms (cache miss)
2307 info run better-sqlite3@11.10.0 install node_modules/better-sqlite3 prebuild-install || node-gyp rebuild --release
2308 info run fsevents@2.3.3 install node_modules/fsevents node-gyp rebuild
2309 info run fsevents@2.3.3 install { code: 1, signal: null }
2310 verbose reify failed optional dependency /Users/nivethaniruthayanathan/Code/Cantask/node_modules/fsevents
2311 silly reify mark deleted [ '/Users/nivethaniruthayanathan/Code/Cantask/node_modules/fsevents' ]
2312 info run better-sqlite3@11.10.0 install { code: 0, signal: null }
2313 info run esbuild@0.28.2 postinstall node_modules/esbuild node install.js
2314 info run esbuild@0.25.12 postinstall node_modules/vite/node_modules/esbuild node install.js
2315 info run esbuild@0.28.2 postinstall { code: 0, signal: null }
2316 info run esbuild@0.25.12 postinstall { code: 0, signal: null }
2317 silly ADD node_modules/@types/mime
2318 silly ADD node_modules/@types/estree
2319 silly ADD
2320 silly ADD
2321 silly ADD
2322 silly ADD
2323 silly ADD
2324 silly ADD
2325 silly ADD
2326 silly ADD
2327 silly ADD
2328 silly ADD
2329 silly ADD
2330 silly ADD
2331 silly ADD
2332 silly ADD
2333 silly ADD
2334 silly ADD
2335 silly ADD
2336 silly ADD
2337 silly ADD
2338 silly ADD
2339 silly ADD
2340 silly ADD
2341 silly ADD node_modules/@rollup/rollup-darwin-arm64
2342 silly ADD
2343 silly ADD
2344 silly ADD
2345 silly ADD node_modules/source-map-js
2346 silly ADD node_modules/nanoid
2347 silly ADD node_modules/tinyglobby
2348 silly ADD node_modules/rollup
2349 silly ADD node_modules/postcss
2350 silly ADD node_modules/picomatch
2351 silly ADD node_modules/fdir
2352 silly ADD node_modules/escalade
2353 silly ADD node_modules/media-typer
2354 silly ADD
2355 silly ADD
2356 silly ADD
2357 silly ADD
2358 silly ADD
2359 silly ADD
2360 silly ADD
2361 silly ADD
2362 silly ADD
2363 silly ADD
2364 silly ADD
2365 silly ADD
2366 silly ADD
2367 silly ADD
2368 silly ADD
2369 silly ADD
2370 silly ADD
2371 silly ADD
2372 silly ADD
2373 silly ADD
2374 silly ADD
2375 silly ADD node_modules/@esbuild/darwin-arm64
2376 silly ADD
2377 silly ADD
2378 silly ADD
2379 silly ADD
2380 silly ADD
2381 silly ADD node_modules/esbuild
2382 silly ADD node_modules/util-deprecate
2383 silly ADD node_modules/string_decoder
2384 silly ADD node_modules/ieee754
2385 silly ADD node_modules/base64-js
2386 silly ADD node_modules/buffer
2387 silly ADD node_modules/readable-stream
2388 silly ADD node_modules/fs-constants
2389 silly ADD node_modules/bl
2390 silly ADD node_modules/tar-stream
2391 silly ADD node_modules/chownr
2392 silly ADD node_modules/mimic-response
2393 silly ADD node_modules/simple-concat
2394 silly ADD node_modules/decompress-response
2395 silly ADD node_modules/dunder-proto
2396 silly ADD node_modules/math-intrinsics
2397 silly ADD node_modules/hasown
2398 silly ADD node_modules/has-symbols
2399 silly ADD node_modules/gopd
2400 silly ADD node_modules/get-proto
2401 silly ADD node_modules/es-object-atoms
2402 silly ADD node_modules/function-bind
2403 silly ADD node_modules/call-bind-apply-helpers
2404 silly ADD node_modules/get-intrinsic
2405 silly ADD node_modules/call-bound
2406 silly ADD node_modules/side-channel-weakmap
2407 silly ADD node_modules/side-channel-map
2408 silly ADD node_modules/side-channel-list
2409 silly ADD node_modules/object-inspect
2410 silly ADD node_modules/es-errors
2411 silly ADD node_modules/mime
2412 silly ADD node_modules/react-router
2413 silly ADD node_modules/@remix-run/router
2414 silly ADD node_modules/scheduler
2415 silly ADD node_modules/loose-envify
2416 silly ADD node_modules/strip-json-comments
2417 silly ADD node_modules/ini
2418 silly ADD node_modules/deep-extend
2419 silly ADD node_modules/side-channel
2420 silly ADD node_modules/es-define-property
2421 silly ADD node_modules/wrappy
2422 silly ADD node_modules/once
2423 silly ADD node_modules/end-of-stream
2424 silly ADD node_modules/ipaddr.js
2425 silly ADD node_modules/forwarded
2426 silly ADD node_modules/tunnel-agent
2427 silly ADD node_modules/tar-fs
2428 silly ADD node_modules/simple-get
2429 silly ADD node_modules/rc
2430 silly ADD node_modules/pump
2431 silly ADD node_modules/node-abi
2432 silly ADD node_modules/node-abi/node_modules/semver
2433 silly ADD node_modules/napi-build-utils
2434 silly ADD node_modules/mkdirp-classic
2435 silly ADD node_modules/minimist
2436 silly ADD node_modules/github-from-package
2437 silly ADD node_modules/expand-template
2438 silly ADD node_modules/detect-libc
2439 silly ADD node_modules/ee-first
2440 silly ADD node_modules/mime-db
2441 silly ADD node_modules/yallist
2442 silly ADD node_modules/safer-buffer
2443 silly ADD node_modules/toidentifier
2444 silly ADD node_modules/inherits
2445 silly ADD node_modules/unpipe
2446 silly ADD node_modules/raw-body
2447 silly ADD node_modules/iconv-lite
2448 silly ADD node_modules/destroy
2449 silly ADD node_modules/bytes
2450 silly ADD node_modules/negotiator
2451 silly ADD node_modules/mime-types
2452 silly ADD node_modules/utils-merge
2453 silly ADD node_modules/type-is
2454 silly ADD node_modules/statuses
2455 silly ADD node_modules/setprototypeof
2456 silly ADD node_modules/serve-static
2457 silly ADD node_modules/send
2458 silly ADD node_modules/send/node_modules/debug
2459 silly ADD node_modules/send/node_modules/debug/node_modules/ms
2460 silly ADD node_modules/safe-buffer
2461 silly ADD node_modules/range-parser
2462 silly ADD node_modules/qs
2463 silly ADD node_modules/proxy-addr
2464 silly ADD node_modules/path-to-regexp
2465 silly ADD node_modules/parseurl
2466 silly ADD node_modules/on-finished
2467 silly ADD node_modules/methods
2468 silly ADD node_modules/merge-descriptors
2469 silly ADD node_modules/http-errors
2470 silly ADD node_modules/fresh
2471 silly ADD node_modules/finalhandler
2472 silly ADD node_modules/finalhandler/node_modules/ms
2473 silly ADD node_modules/finalhandler/node_modules/debug
2474 silly ADD node_modules/etag
2475 silly ADD node_modules/escape-html
2476 silly ADD node_modules/encodeurl
2477 silly ADD node_modules/depd
2478 silly ADD node_modules/cookie-signature
2479 silly ADD node_modules/cookie
2480 silly ADD node_modules/content-type
2481 silly ADD node_modules/content-disposition
2482 silly ADD node_modules/body-parser
2483 silly ADD node_modules/body-parser/node_modules/ms
2484 silly ADD node_modules/body-parser/node_modules/debug
2485 silly ADD node_modules/array-flatten
2486 silly ADD node_modules/accepts
2487 silly ADD node_modules/ms
2488 silly ADD node_modules/vary
2489 silly ADD node_modules/object-assign
2490 silly ADD node_modules/update-browserslist-db
2491 silly ADD node_modules/node-releases
2492 silly ADD node_modules/electron-to-chromium
2493 silly ADD node_modules/caniuse-lite
2494 silly ADD node_modules/baseline-browser-mapping
2495 silly ADD node_modules/file-uri-to-path
2496 silly ADD node_modules/prebuild-install
2497 silly ADD node_modules/bindings
2498 silly ADD node_modules/@types/babel__traverse
2499 silly ADD node_modules/@types/babel__template
2500 silly ADD node_modules/@types/babel__generator
2501 silly ADD node_modules/@jridgewell/resolve-uri
2502 silly ADD node_modules/@jridgewell/sourcemap-codec
2503 silly ADD node_modules/@babel/helper-string-parser
2504 silly ADD node_modules/@babel/helper-globals
2505 silly ADD node_modules/@babel/helper-plugin-utils
2506 silly ADD node_modules/@babel/helper-module-imports
2507 silly ADD node_modules/lru-cache
2508 silly ADD node_modules/browserslist
2509 silly ADD node_modules/@babel/helper-validator-option
2510 silly ADD node_modules/@babel/compat-data
2511 silly ADD node_modules/jsesc
2512 silly ADD node_modules/@jridgewell/trace-mapping
2513 silly ADD node_modules/@jridgewell/gen-mapping
2514 silly ADD node_modules/picocolors
2515 silly ADD node_modules/js-tokens
2516 silly ADD node_modules/@babel/helper-validator-identifier
2517 silly ADD node_modules/semver
2518 silly ADD node_modules/json5
2519 silly ADD node_modules/gensync
2520 silly ADD node_modules/debug
2521 silly ADD node_modules/convert-source-map
2522 silly ADD node_modules/@jridgewell/remapping
2523 silly ADD node_modules/@babel/types
2524 silly ADD node_modules/@babel/traverse
2525 silly ADD node_modules/@babel/template
2526 silly ADD node_modules/@babel/parser
2527 silly ADD node_modules/@babel/helpers
2528 silly ADD node_modules/@babel/helper-module-transforms
2529 silly ADD node_modules/@babel/helper-compilation-targets
2530 silly ADD node_modules/@babel/generator
2531 silly ADD node_modules/@babel/code-frame
2532 silly ADD node_modules/react-refresh
2533 silly ADD node_modules/@types/babel__core
2534 silly ADD node_modules/@rolldown/pluginutils
2535 silly ADD node_modules/@babel/plugin-transform-react-jsx-source
2536 silly ADD node_modules/@babel/plugin-transform-react-jsx-self
2537 silly ADD node_modules/@babel/core
2538 silly ADD node_modules/@types/http-errors
2539 silly ADD node_modules/csstype
2540 silly ADD node_modules/@types/prop-types
2541 silly ADD node_modules/undici-types
2542 silly ADD node_modules/@types/send
2543 silly ADD node_modules/@types/range-parser
2544 silly ADD node_modules/@types/connect
2545 silly ADD node_modules/@types/serve-static
2546 silly ADD node_modules/@types/serve-static/node_modules/@types/send
2547 silly ADD node_modules/@types/qs
2548 silly ADD node_modules/@types/express-serve-static-core
2549 silly ADD node_modules/@types/body-parser
2550 silly ADD node_modules/react-router-dom
2551 silly ADD node_modules/react-dom
2552 silly ADD node_modules/react
2553 silly ADD node_modules/vite
2554 silly ADD
2555 silly ADD
2556 silly ADD
2557 silly ADD
2558 silly ADD
2559 silly ADD
2560 silly ADD
2561 silly ADD
2562 silly ADD
2563 silly ADD
2564 silly ADD
2565 silly ADD
2566 silly ADD
2567 silly ADD
2568 silly ADD
2569 silly ADD
2570 silly ADD
2571 silly ADD
2572 silly ADD
2573 silly ADD
2574 silly ADD
2575 silly ADD node_modules/vite/node_modules/@esbuild/darwin-arm64
2576 silly ADD
2577 silly ADD
2578 silly ADD
2579 silly ADD
2580 silly ADD node_modules/vite/node_modules/esbuild
2581 silly ADD node_modules/@vitejs/plugin-react
2582 silly ADD node_modules/@types/react-dom
2583 silly ADD node_modules/@types/react
2584 silly ADD node_modules/zod
2585 silly ADD node_modules/typescript
2586 silly ADD node_modules/tsx
2587 silly ADD node_modules/express
2588 silly ADD node_modules/express/node_modules/ms
2589 silly ADD node_modules/express/node_modules/debug
2590 silly ADD node_modules/cors
2591 silly ADD node_modules/better-sqlite3
2592 silly ADD node_modules/@types/node
2593 silly ADD node_modules/@types/express
2594 silly ADD node_modules/@types/cors
2595 silly ADD node_modules/@cantask/web
2596 silly ADD node_modules/@cantask/api
2597 verbose cwd /Users/nivethaniruthayanathan/Code/Cantask
2598 verbose os Darwin 24.6.0
2599 verbose node v23.7.0
2600 verbose npm  v10.9.2
2601 notice
2601 notice New [31mmajor[39m version of npm available! [31m10.9.2[39m -> [34m12.0.2[39m
2601 notice Changelog: [34mhttps://github.com/npm/cli/releases/tag/v12.0.2[39m
2601 notice To update run: [4mnpm install -g npm@12.0.2[24m
2601 notice  { force: true, [Symbol(proc-log.meta)]: true }
2602 verbose exit 0
2603 info ok
